species_height,accepted_name,coevol,mallee
Angophora bakeri subsp. bakeri,Angophora_bakeri,A_bakeri,N
Angophora costata subsp. euryphylla,Angophora_costata,A_costata,N
Angophora costata subsp. leiocarpa,NA,NA,N
Angophora floribunda,Angophora_floribunda,A_floribunda,N
Angophora hispida,Angophora_hispida,A_hispida,N
Angophora inopina,Angophora_inopina,A_inopina,N
Angophora melanoxylon,Angophora_melanoxylon,A_melanoxylon,N
Angophora robur,Angophora_robur,A_robur,N
Angophora subvelutina,Angophora_subvelutina,A_subvelutina,N
Angophora woodsiana,Angophora_woodsiana,A_woodsiana,N
Corymbia abbreviata,Corymbia_abbreviata,C_abbreviata,N
Corymbia abergiana,Corymbia_abergiana,C_abergiana,N
Corymbia aparrerinja,Corymbia_aparrerinja,C_aparrerinja,N
Corymbia arafurica,Corymbia_arafurica,C_arafurica,N
Corymbia arenaria,Corymbia_arenaria,C_arenaria,N
Corymbia arnhemensis,Corymbia_arnhemensis,C_arnhemensis,N
Corymbia aspera,Corymbia_aspera,C_aspera,N
Corymbia aureola,Corymbia_aureola,C_aureola,N
Corymbia bella,Corymbia_bella,C_bella,N
Corymbia blakei,Corymbia_blakei,C_blakei,N
Corymbia bleeseri,Corymbia_bleeseri,C_bleeseri,N
Corymbia bloxsomei,Corymbia_bloxsomei,C_bloxsomei,N
Corymbia brachycarpa,Corymbia_brachycarpa,C_brachycarpa,N
Corymbia bunites,Corymbia_bunites,C_bunites,N
Corymbia cadophora subsp. pliantha,Corymbia_cadophora,C_cadophora,N
Corymbia calophylla,Corymbia_calophylla,C_calophylla,S
Corymbia candida,Corymbia_candida,C_candida,N
Corymbia chartacea,Corymbia_chartacea,C_chartacea,N
Corymbia chippendalei,Corymbia_chippendalei,C_chippendalei,S
Corymbia citriodora,Corymbia_citriodora,C_citriodora,N
Corymbia clandestina,Corymbia_clandestina,C_clandestina,N
Corymbia clarksoniana,Corymbia_clarksoniana,C_clarksoniana,N
Corymbia clavigera,Corymbia_clavigera,C_clavigera,N
Corymbia cliftoniana,Corymbia_cliftoniana,C_cliftoniana,N
Corymbia collina,Corymbia_collina,C_collina,N
Corymbia confertiflora,Corymbia_confertiflora,C_confertiflora,N
Corymbia dallachiana,Corymbia_dallachiana,C_dallachiana,N
Corymbia dendromerinx,Corymbia_dendromerinx,C_dendromerinx,N
Corymbia deserticola subsp. mesogeotica,Corymbia_deserticola,C_deserticola,S
Corymbia dichromophloia,Corymbia_dichromophloia,C_dichromophloia,N
Corymbia disjuncta,Corymbia_disjuncta,C_disjuncta,N
Corymbia dunlopiana,Corymbia_dunlopiana,C_dunlopiana,N
Corymbia ellipsoidea,Corymbia_ellipsoidea,C_ellipsoidea,N
Corymbia eremaea,Corymbia_eremaea,C_eremaea,S
Corymbia erythrophloia,Corymbia_erythrophloia,C_erythrophloia,N
Corymbia eximia,Corymbia_eximia,C_eximia,N
Corymbia ferriticola,Corymbia_ferriticola,C_ferriticola,S
Corymbia ferruginea subsp. stypophylla,Corymbia_ferruginea,C_ferruginea,N
Corymbia ficifolia,Corymbia_ficifolia,C_ficifolia,N
Corymbia flavescens,Corymbia_flavescens,C_flavescens,N
Corymbia foelscheana,Corymbia_foelscheana,C_foelscheana,N
Corymbia gilbertensis,Corymbia_gilbertensis,C_gilbertensis,N
Corymbia grandifolia subsp. grandifolia,Corymbia_grandifolia,C_grandifolia,N
Corymbia greeniana,Corymbia_greeniana,C_greeniana,N
Corymbia gummifera,Corymbia_gummifera,C_gummifera,S
Corymbia haematoxylon,Corymbia_haematoxylon,C_haematoxylon,N
Corymbia hamersleyana,Corymbia_hamersleyana,C_hamersleyana,S
Corymbia hendersonii,Corymbia_hendersonii,C_hendersonii,N
Corymbia henryi,Corymbia_henryi,C_henryi,N
Corymbia hylandii,Corymbia_hylandii,C_hylandii,N
Corymbia intermedia,Corymbia_intermedia,C_intermedia,N
Corymbia jacobsiana,Corymbia_jacobsiana,C_jacobsiana,N
Corymbia kombolgiensis,Corymbia_kombolgiensis,C_kombolgiensis,N
Corymbia lamprophylla,Corymbia_lamprophylla,C_lamprophylla,N
Corymbia latifolia,Corymbia_latifolia,C_latifolia,N
Corymbia leichhardtii,Corymbia_leichhardtii,C_leichhardtii,N
Corymbia lenziana,Corymbia_lenziana,C_lenziana,S
Corymbia leptoloma,Corymbia_leptoloma,C_leptoloma,N
Corymbia ligans,Corymbia_ligans,C_ligans,N
Corymbia maculata,Corymbia_maculata,C_maculata,N
Corymbia nesophila,Corymbia_nesophila,C_nesophila,N
Corymbia novoguinensis,Corymbia_novoguinensis,C_novoguinensis,N
Corymbia oocarpa,Corymbia_oocarpa,C_oocarpa,N
Corymbia pachycarpa,Corymbia_pachycarpa,C_pachycarpa,S
Corymbia papillosa,Corymbia_papillosa,C_papillosa,N
Corymbia papuana,Corymbia_papuana,C_papuana,N
Corymbia paractia,Corymbia_paractia,C_paractia,N
Corymbia pauciseta,Corymbia_pauciseta,C_pauciseta,N
Corymbia peltata subsp. peltata,Corymbia_peltata,C_peltata,N
Corymbia petalophylla,Corymbia_petalophylla,C_petalophylla,N
Corymbia plena,Corymbia_plena,C_plena,N
Corymbia pocillum,Corymbia_pocillum,C_pocillum,N
Corymbia polycarpa,Corymbia_polycarpa,C_polycarpa,N
Corymbia polysciada,Corymbia_polysciada,C_polysciada,N
Corymbia porrecta,Corymbia_porrecta,C_porrecta,N
Corymbia ptychocarpa,Corymbia_ptychocarpa,C_ptychocarpa,N
Corymbia rhodops,Corymbia_rhodops,C_rhodops,N
Corymbia scabrida,Corymbia_scabrida,C_scabrida,N
Corymbia serendipita,Corymbia_serendipita,C_serendipita,N
Corymbia setosa,Corymbia_setosa,C_setosa,S
Corymbia sphaerica,Corymbia_sphaerica,C_sphaerica,S
Corymbia stockeri subsp. peninsularis,Corymbia_stockeri,C_stockeri,N
Corymbia terminalis,Corymbia_terminalis,C_terminalis,S
Corymbia tessellaris,Corymbia_tessellaris,C_tessellaris,N
Corymbia torelliana,Corymbia_torelliana,C_torelliana,N
Corymbia torta,Corymbia_torta,C_torta,N
Corymbia trachyphloia,Corymbia_trachyphloia,C_trachyphloia,N
Corymbia umbonata,Corymbia_umbonata,C_umbonata,N
Corymbia watsoniana subsp. watsoniana,Corymbia_watsoniana,C_watsoniana,N
Corymbia xanthope,Corymbia_xanthope,C_xanthope,N
Corymbia zygophylla,Corymbia_zygophylla,C_zygophylla,S
Eucalyptus abdita,Eucalyptus_abdita,E_abdita,Y
Eucalyptus absita,Eucalyptus_absita,E_absita,Y
Eucalyptus acaciiformis,Eucalyptus_acaciiformis,E_acaciiformis,N
Eucalyptus accedens,Eucalyptus_accedens,E_accedens,N
Eucalyptus acies,Eucalyptus_acies,E_acies,Y
Eucalyptus acmenoides,Eucalyptus_acmenoides,E_acmenoides,N
Eucalyptus aequioperta,Eucalyptus_aequioperta,E_aequioperta,S
Eucalyptus agglomerata,Eucalyptus_agglomerata,E_agglomerata,N
Eucalyptus aggregata,Eucalyptus_aggregata,E_aggregata,N
Eucalyptus albens,Eucalyptus_albens,E_albens,N
Eucalyptus albida,Eucalyptus_albida,E_albida,Y
Eucalyptus albopurpurea,Eucalyptus_albopurpurea,E_albopurpurea,Y
Eucalyptus alligatrix subsp. alligatrix,Eucalyptus_alligatrix,E_alligatrix,N
Eucalyptus amplifolia subsp. sessiliflora,Eucalyptus_amplifolia,E_amplifolia,N
Eucalyptus amygdalina,Eucalyptus_amygdalina,E_amygdalina,N
Eucalyptus ancophila,Eucalyptus_ancophila,E_ancophila,N
Eucalyptus andrewsii subsp. campanulata,Eucalyptus_andrewsii,E_andrewsii,N
Eucalyptus angophoroides,Eucalyptus_angophoroides,E_angophoroides,N
Eucalyptus angularis,Eucalyptus_angularis,E_angularis,Y
Eucalyptus angulosa,Eucalyptus_angulosa,E_angulosa,Y
Eucalyptus angustissima subsp. quaerenda,Eucalyptus_angustissima,E_angustissima,Y
Eucalyptus annulata,Eucalyptus_annulata,E_annulata,Y
Eucalyptus annuliformis,Eucalyptus_annuliformis,E_annuliformis,Y
Eucalyptus apiculata,Eucalyptus_apiculata,E_apiculata,Y
Eucalyptus apothalassica,Eucalyptus_apothalassica,E_apothalassica,N
Eucalyptus approximans subsp. codonocarpa,Eucalyptus_approximans,E_approximans,Y
Eucalyptus aquilina,Eucalyptus_aquilina,E_aquilina,Y
Eucalyptus arachnaea subsp. Arrecta,Eucalyptus_arachnaea,E_arachnaea,N
Eucalyptus arborella,Eucalyptus_arborella,E_arborella,Y
Eucalyptus archeri,Eucalyptus_archeri,E_archeri,S
Eucalyptus arenacea,Eucalyptus_arenacea,E_arenacea,S
Eucalyptus argutifolia,Eucalyptus_argutifolia,E_argutifolia,Y
Eucalyptus argyphea,Eucalyptus_argyphea,E_argyphea,N
Eucalyptus aromaphloia subsp. sabulosa,Eucalyptus_aromaphloia,E_aromaphloia,N
Eucalyptus articulata,Eucalyptus_articulata,E_articulata,Y
Eucalyptus aspersa,Eucalyptus_aspersa,E_aspersa,S
Eucalyptus aspratilis,Eucalyptus_aspratilis,E_aspratilis,Y
Eucalyptus astringens subsp. redacta,Eucalyptus_astringens,E_astringens,N
Eucalyptus badjensis,Eucalyptus_badjensis,E_badjensis,N
Eucalyptus baeuerlenii,Eucalyptus_baeuerlenii,E_baeuerlenii,S
Eucalyptus baileyana,Eucalyptus_baileyana,E_baileyana,N
Eucalyptus bakeri,Eucalyptus_bakeri,E_bakeri,S
Eucalyptus balanites,NA,NA,S
Eucalyptus balanopelex,NA,NA,Y
Eucalyptus balladoniensis subsp. sedens,Eucalyptus_balladoniensis,E_balladoniensis,Y
Eucalyptus bancroftii,Eucalyptus_bancroftii,E_bancroftii,N
Eucalyptus banksii,Eucalyptus_banksii,E_banksii,S
Eucalyptus barberi,Eucalyptus_barberi,E_barberi,S
Eucalyptus baudiniana,Eucalyptus_baudiniana,E_baudiniana,S
Eucalyptus baueriana,Eucalyptus_baueriana,E_baueriana,N
Eucalyptus baxteri,Eucalyptus_baxteri,E_baxteri,S
Eucalyptus beaniana,Eucalyptus_beaniana,E_beaniana,N
Eucalyptus beardiana,Eucalyptus_beardiana,E_beardiana,Y
Eucalyptus behriana,Eucalyptus_behriana,E_behriana,
Eucalyptus bensonii,Eucalyptus_bensonii,E_bensonii,S
Eucalyptus benthamii,Eucalyptus_benthamii,E_benthamii,N
Eucalyptus beyeriana,Eucalyptus_beyeriana,E_beyeriana,
Eucalyptus bigalerita,Eucalyptus_bigalerita,E_bigalerita,N
Eucalyptus blakelyi,Eucalyptus_blakelyi,E_blakelyi,N
Eucalyptus blaxellii,Eucalyptus_blaxellii,E_blaxellii,Y
Eucalyptus blaxlandii,Eucalyptus_blaxlandii,E_blaxlandii,N
Eucalyptus boliviana,Eucalyptus_boliviana,E_boliviana,S
Eucalyptus bosistoana,Eucalyptus_bosistoana,E_bosistoana,N
Eucalyptus botryoides,Eucalyptus_botryoides,E_botryoides,N
Eucalyptus brachyandra,Eucalyptus_brachyandra,E_brachyandra,S
Eucalyptus brachycalyx,Eucalyptus_brachycalyx,E_brachycalyx,S
Eucalyptus brachycorys,NA,NA,Y
Eucalyptus brachyphylla,NA,NA,S
Eucalyptus brassiana,Eucalyptus_brassiana,E_brassiana,N
Eucalyptus brevifolia,Eucalyptus_brevifolia,E_brevifolia,S
Eucalyptus brevipes,Eucalyptus_brevipes,E_brevipes,Y
Eucalyptus brevistylis,Eucalyptus_brevistylis,E_brevistylis,N
Eucalyptus bridgesiana,Eucalyptus_bridgesiana,E_bridgesiana,N
Eucalyptus brockwayi,Eucalyptus_brockwayi,E_brockwayi,N
Eucalyptus brookeriana,Eucalyptus_brookeriana,E_brookeriana,N
Eucalyptus broviniensis,Eucalyptus_broviniensis,E_broviniensis,N
Eucalyptus brownii,Eucalyptus_brownii,E_brownii,N
Eucalyptus buprestium,Eucalyptus_buprestium,E_buprestium,Y
Eucalyptus burdettiana,Eucalyptus_burdettiana,E_burdettiana,Y
Eucalyptus burgessiana,Eucalyptus_burgessiana,E_burgessiana,S
Eucalyptus burracoppinensis,Eucalyptus_burracoppinensis,E_burracoppinensis,Y
Eucalyptus cadens,Eucalyptus_cadens,E_cadens,N
Eucalyptus caesia subsp. magna,Eucalyptus_caesia,E_caesia,Y
Eucalyptus calcareana,Eucalyptus_calcareana,E_calcareana,S
Eucalyptus calcicola subsp. calcicola,Eucalyptus_calcicola,E_calcicola,Y
Eucalyptus caleyi subsp. caleyi,Eucalyptus_caleyi,E_caleyi,N
Eucalyptus caliginosa,Eucalyptus_caliginosa,E_caliginosa,N
Eucalyptus calycogona subsp. calycogona,Eucalyptus_calycogona,E_calycogona,S
Eucalyptus calyerup,Eucalyptus_calyerup,E_calyerup,N
Eucalyptus camaldulensis subsp. acuta,Eucalyptus_camaldulensis,E_camaldulensis,N
Eucalyptus cambageana,Eucalyptus_cambageana,E_cambageana,N
Eucalyptus cameronii,Eucalyptus_cameronii,E_cameronii,N
Eucalyptus camfieldii,Eucalyptus_camfieldii,E_camfieldii,S
Eucalyptus campaspe,Eucalyptus_campaspe,E_campaspe,N
Eucalyptus camphora subsp. camphora,Eucalyptus_camphora,E_camphora,S
Eucalyptus canaliculata,Eucalyptus_canaliculata,E_canaliculata,N
Eucalyptus canescens subsp. beadellii,Eucalyptus_canescens,E_canescens,Y
Eucalyptus canobolensis,Eucalyptus_canobolensis,E_canobolensis,N
Eucalyptus capillosa subsp. capillosa,Eucalyptus_capillosa,E_capillosa,S
Eucalyptus capitellata,Eucalyptus_capitellata,E_capitellata,N
Eucalyptus carnabyi,NA,NA,Y
Eucalyptus carnea,Eucalyptus_carnea,E_carnea,N
Eucalyptus carnei,Eucalyptus_carnei,E_carnei,S
Eucalyptus celastroides subsp. celastroides,Eucalyptus_celastroides,E_celastroides,S
Eucalyptus cephalocarpa,Eucalyptus_cephalocarpa,E_cephalocarpa,N
Eucalyptus ceracea,Eucalyptus_ceracea,E_ceracea,N
Eucalyptus cerasiformis,Eucalyptus_cerasiformis,E_cerasiformis,Y
Eucalyptus ceratocorys,Eucalyptus_ceratocorys,E_ceratocorys,S
Eucalyptus cernua,Eucalyptus_cernua,E_cernua,Y
Eucalyptus chapmaniana,Eucalyptus_chapmaniana,E_chapmaniana,N
Eucalyptus chartaboma,Eucalyptus_chartaboma,E_chartaboma,N
Eucalyptus chloroclada,Eucalyptus_chloroclada,E_chloroclada,N
Eucalyptus chlorophylla,Eucalyptus_chlorophylla,E_chlorophylla,S
Eucalyptus cinerea subsp. cinerea,Eucalyptus_cinerea,E_cinerea,N
Eucalyptus cladocalyx,Eucalyptus_cladocalyx,E_cladocalyx,
Eucalyptus clelandii,NA,NA,N
Eucalyptus clivicola,Eucalyptus_clivicola,E_clivicola,N
Eucalyptus cloeziana,Eucalyptus_cloeziana,E_cloeziana,N
Eucalyptus cneorifolia,Eucalyptus_cneorifolia,E_cneorifolia,S
Eucalyptus coccifera,Eucalyptus_coccifera,E_coccifera,S
Eucalyptus communalis,Eucalyptus_communalis,E_communalis,Y
Eucalyptus concinna,Eucalyptus_concinna,E_concinna,
Eucalyptus conferruminata,Eucalyptus_conferruminata,E_conferruminata,S
Eucalyptus confluens,Eucalyptus_confluens,E_confluens,N
Eucalyptus conglobata subsp. conglobata,Eucalyptus_conglobata,E_conglobata,S
Eucalyptus conglomerata,Eucalyptus_conglomerata,E_conglomerata,S
Eucalyptus conica,Eucalyptus_conica,E_conica,N
Eucalyptus consideniana,Eucalyptus_consideniana,E_consideniana,S
Eucalyptus conspicua,Eucalyptus_conspicua,E_conspicua,N
Eucalyptus conveniens,Eucalyptus_conveniens,E_conveniens,Y
Eucalyptus coolabah,Eucalyptus_coolabah,E_coolabah,N
Eucalyptus cooperiana,Eucalyptus_cooperiana,E_cooperiana,Y
Eucalyptus cordata,Eucalyptus_cordata,E_cordata,Y
Eucalyptus cornuta,Eucalyptus_cornuta,E_cornuta,S
Eucalyptus coronata,Eucalyptus_coronata,E_coronata,Y
Eucalyptus corrugata,Eucalyptus_corrugata,E_corrugata,S
Eucalyptus corticosa,Eucalyptus_corticosa,E_corticosa,N
Eucalyptus corynodes,Eucalyptus_corynodes,E_corynodes,N
Eucalyptus cosmophylla,Eucalyptus_cosmophylla,E_cosmophylla,S
Eucalyptus crebra,Eucalyptus_crebra,E_crebra,N
Eucalyptus crenulata,Eucalyptus_crenulata,E_crenulata,N
Eucalyptus creta,Eucalyptus_creta,E_creta,N
Eucalyptus cretata,Eucalyptus_cretata,E_cretata,Y
Eucalyptus crispata,Eucalyptus_crispata,E_crispata,Y
Eucalyptus croajingolensis,Eucalyptus_croajingolensis,E_croajingolensis,N
Eucalyptus crucis subsp. crucis,Eucalyptus_crucis,E_crucis,Y
Eucalyptus cullenii,Eucalyptus_cullenii,E_cullenii,N
Eucalyptus cunninghamii,Eucalyptus_cunninghamii,E_cunninghamii,Y
Eucalyptus cuprea,Eucalyptus_cuprea,E_cuprea,
Eucalyptus cupularis,Eucalyptus_cupularis,E_cupularis,N
Eucalyptus curtisii,Eucalyptus_curtisii,E_curtisii,S
Eucalyptus cyanophylla,Eucalyptus_cyanophylla,E_cyanophylla,Y
Eucalyptus cyclostoma,Eucalyptus_cyclostoma,E_cyclostoma,Y
Eucalyptus cylindriflora,Eucalyptus_cylindriflora,E_cylindriflora,Y
Eucalyptus cylindrocarpa,Eucalyptus_cylindrocarpa,E_cylindrocarpa,Y
Eucalyptus cypellocarpa,Eucalyptus_cypellocarpa,E_cypellocarpa,S
Eucalyptus dalrympleana subsp. dalrympleana,Eucalyptus_dalrympleana,E_dalrympleana,N
Eucalyptus dawsonii,Eucalyptus_dawsonii,E_dawsonii,N
Eucalyptus dealbata,Eucalyptus_dealbata,E_dealbata,N
Eucalyptus deanei,Eucalyptus_deanei,E_deanei,N
Eucalyptus decipiens subsp. adesmophloia,NA,NA,Y
Eucalyptus decipiens subsp. chalara,Eucalyptus_decipiens,E_decipiens,Y
Eucalyptus decolor,Eucalyptus_decolor,E_decolor,N
Eucalyptus decorticans,Eucalyptus_decorticans,E_decorticans,N
Eucalyptus decurva,Eucalyptus_decurva,E_decurva,Y
Eucalyptus deflexa,Eucalyptus_deflexa,E_deflexa,Y
Eucalyptus delegatensis subsp. delegatensis,Eucalyptus_delegatensis,E_delegatensis,N
Eucalyptus delicata,Eucalyptus_delicata,E_delicata,S
Eucalyptus dendromorpha,Eucalyptus_dendromorpha,E_dendromorpha,N
Eucalyptus densa subsp. densa,Eucalyptus_densa,E_densa,S
Eucalyptus denticulata,Eucalyptus_denticulata,E_denticulata,N
Eucalyptus depauperata,Eucalyptus_depauperata,E_depauperata,Y
Eucalyptus desmondensis,Eucalyptus_desmondensis,E_desmondensis,Y
Eucalyptus deuaensis,Eucalyptus_deuaensis,E_deuaensis,Y
Eucalyptus dielsii,Eucalyptus_dielsii,E_dielsii,N
Eucalyptus diminuta,Eucalyptus_diminuta,E_diminuta,Y
Eucalyptus diptera,Eucalyptus_diptera,E_diptera,N
Eucalyptus discreta,Eucalyptus_discreta,E_discreta,Y
Eucalyptus dissimulata,Eucalyptus_dissimulata,E_dissimulata,Y
Eucalyptus distans,Eucalyptus_distans,E_distans,N
Eucalyptus diversicolor,Eucalyptus_diversicolor,E_diversicolor,
Eucalyptus diversifolia subsp. diversifolia,Eucalyptus_diversifolia,E_diversifolia,Y
Eucalyptus dives,Eucalyptus_dives,E_dives,N
Eucalyptus dolichocera,Eucalyptus_dolichocera,E_dolichocera,S
Eucalyptus dolichorhyncha,Eucalyptus_dolichorhyncha,E_dolichorhyncha,N
Eucalyptus dolorosa,Eucalyptus_dolorosa,E_dolorosa,Y
Eucalyptus doratoxylon,Eucalyptus_doratoxylon,E_doratoxylon,S
Eucalyptus dorrigoensis,Eucalyptus_dorrigoensis,E_dorrigoensis,N
Eucalyptus drummondii,Eucalyptus_drummondii,E_drummondii,Y
Eucalyptus dumosa,Eucalyptus_dumosa,E_dumosa,Y
Eucalyptus dundasii,Eucalyptus_dundasii,E_dundasii,N
Eucalyptus dunnii,Eucalyptus_dunnii,E_dunnii,N
Eucalyptus dura,Eucalyptus_dura,E_dura,N
Eucalyptus dwyeri,Eucalyptus_dwyeri,E_dwyeri,S
Eucalyptus ebbanoensis subsp. ebbanoensis,Eucalyptus_ebbanoensis,E_ebbanoensis,Y
Eucalyptus educta,Eucalyptus_educta,E_educta,Y
Eucalyptus effusa,Eucalyptus_effusa,E_effusa,S
Eucalyptus elaeophloia,Eucalyptus_elaeophloia,E_elaeophloia,S
Eucalyptus elata,Eucalyptus_elata,E_elata,S
Eucalyptus elliptica,Eucalyptus_elliptica,E_elliptica,N
Eucalyptus erectifolia,Eucalyptus_erectifolia,E_erectifolia,Y
Eucalyptus eremicola subsp. eremicola,Eucalyptus_eremicola,E_eremicola,Y
Eucalyptus eremophila,Eucalyptus_eremophila,E_eremophila,N
Eucalyptus erythrandra,NA,NA,S
Eucalyptus erythrocorys,Eucalyptus_erythrocorys,E_erythrocorys,S
Eucalyptus erythronema var. erythronema,Eucalyptus_erythronema,E_erythronema,S
Eucalyptus eudesmioides subsp. eudesmioides,Eucalyptus_eudesmioides,E_eudesmioides,Y
Eucalyptus eugenioides,Eucalyptus_eugenioides,E_eugenioides,N
Eucalyptus ewartiana,Eucalyptus_ewartiana,E_ewartiana,Y
Eucalyptus exigua,Eucalyptus_exigua,E_exigua,Y
Eucalyptus exilipes,Eucalyptus_exilipes,E_exilipes,N
Eucalyptus exilis,Eucalyptus_exilis,E_exilis,Y
Eucalyptus exserta,Eucalyptus_exserta,E_exserta,S
Eucalyptus extensa,Eucalyptus_extensa,E_extensa,N
Eucalyptus extrica,Eucalyptus_extrica,E_extrica,Y
Eucalyptus falcata,Eucalyptus_falcata,E_falcata,Y
Eucalyptus famelica,Eucalyptus_famelica,E_famelica,Y
Eucalyptus farinosa,Eucalyptus_farinosa,E_farinosa,N
Eucalyptus fasciculosa,Eucalyptus_fasciculosa,E_fasciculosa,S
Eucalyptus fastigata,Eucalyptus_fastigata,E_fastigata,N
Eucalyptus fibrosa subsp. nubila,Eucalyptus_fibrosa,E_fibrosa,N
Eucalyptus flavida,Eucalyptus_flavida,E_flavida,Y
Eucalyptus flindersii,Eucalyptus_flindersii,E_flindersii,S
Eucalyptus flocktoniae subsp. hebes,Eucalyptus_flocktoniae,E_flocktoniae,Y
Eucalyptus foecunda,Eucalyptus_foecunda,E_foecunda,Y
Eucalyptus foliosa,Eucalyptus_foliosa,E_foliosa,Y
Eucalyptus formanii,Eucalyptus_formanii,E_formanii,S
Eucalyptus forrestiana,Eucalyptus_forrestiana,E_forrestiana,N
Eucalyptus fraseri subsp. Melanobasis,Eucalyptus_fraseri_,E_fraseri ,N
Eucalyptus fraxinoides,Eucalyptus_fraxinoides,E_fraxinoides,N
Eucalyptus froggattii,Eucalyptus_froggattii,E_froggattii,S
Eucalyptus fruticosa,Eucalyptus_fruticosa,E_fruticosa,Y
Eucalyptus fulgens,Eucalyptus_fulgens,E_fulgens,N
Eucalyptus fusiformis,Eucalyptus_fusiformis,E_fusiformis,N
Eucalyptus gamophylla,Eucalyptus_gamophylla,E_gamophylla,Y
Eucalyptus gardneri subsp. gardneri,Eucalyptus_gardneri,E_gardneri,N
Eucalyptus georgei subsp. georgei,Eucalyptus_georgei,E_georgei,N
Eucalyptus gigantangion,Eucalyptus_gigantangion,E_gigantangion,N
Eucalyptus gillenii,Eucalyptus_gillenii,E_gillenii,S
Eucalyptus gillii,Eucalyptus_gillii,E_gillii,S
Eucalyptus gittinsii subsp. gittinsii,Eucalyptus_gittinsii,E_gittinsii,Y
Eucalyptus glaucescens,Eucalyptus_glaucescens,E_glaucescens,S
Eucalyptus glaucina,Eucalyptus_glaucina,E_glaucina,N
Eucalyptus globoidea,Eucalyptus_globoidea,E_globoidea,N
Eucalyptus globulus subsp. bicostata,Eucalyptus_globulus,E_globulus,N
Eucalyptus glomericassis,Eucalyptus_glomericassis,E_glomericassis,N
Eucalyptus glomerosa,Eucalyptus_glomerosa,E_glomerosa,Y
Eucalyptus gomphocephala,Eucalyptus_gomphocephala,E_gomphocephala,
Eucalyptus gongylocarpa,Eucalyptus_gongylocarpa,E_gongylocarpa,N
Eucalyptus goniantha subsp. goniantha,Eucalyptus_goniantha,E_goniantha,S
Eucalyptus goniantha subsp. semiglobosa,Eucalyptus_goniantha,E_goniantha,Y
Eucalyptus goniocalyx,Eucalyptus_goniocalyx,E_goniocalyx,N
Eucalyptus goniocarpa,Eucalyptus_goniocarpa,E_goniocarpa,N
Eucalyptus gracilis,Eucalyptus_gracilis,E_gracilis,S
Eucalyptus grandis,Eucalyptus_grandis,E_grandis,N
Eucalyptus granitica,Eucalyptus_granitica,E_granitica,N
Eucalyptus gregoriensis,Eucalyptus_gregoriensis,E_gregoriensis,S
Eucalyptus gregsoniana,Eucalyptus_gregsoniana,E_gregsoniana,Y
Eucalyptus griffithsii,Eucalyptus_griffithsii,E_griffithsii,Y
Eucalyptus grisea,Eucalyptus_grisea,E_grisea,N
Eucalyptus grossa,Eucalyptus_grossa,E_grossa,Y
Eucalyptus guilfoylei,Eucalyptus_guilfoylei,E_guilfoylei,N
Eucalyptus gunnii,Eucalyptus_gunnii,E_gunnii,N
Eucalyptus gypsophila,Eucalyptus_gypsophila,E_gypsophila,Y
Eucalyptus haemastoma,Eucalyptus_haemastoma,E_haemastoma,N
Eucalyptus hallii,Eucalyptus_hallii,E_hallii,N
Eucalyptus halophila,Eucalyptus_halophila,E_halophila,Y
Eucalyptus hebetifolia,Eucalyptus_hebetifolia,E_hebetifolia,Y
Eucalyptus helidonica,Eucalyptus_helidonica,E_helidonica,N
Eucalyptus herbertiana,Eucalyptus_herbertiana,E_herbertiana,S
Eucalyptus histophylla,Eucalyptus_histophylla,E_histophylla,Y
Eucalyptus horistes,Eucalyptus_horistes,E_horistes,S
Eucalyptus houseana,Eucalyptus_houseana,E_houseana,N
Eucalyptus howittiana,Eucalyptus_howittiana,E_howittiana,N
Eucalyptus hypolaena,Eucalyptus_hypolaena,E_hypolaena,S
Eucalyptus hypostomatica,Eucalyptus_hypostomatica,E_hypostomatica,N
Eucalyptus ignorabilis,Eucalyptus_ignorabilis,E_ignorabilis,N
Eucalyptus imitans,Eucalyptus_imitans,E_imitans,N
Eucalyptus imlayensis,Eucalyptus_imlayensis,E_imlayensis,Y
Eucalyptus impensa,Eucalyptus_impensa,E_impensa,Y
Eucalyptus incerata,Eucalyptus_incerata,E_incerata,Y
Eucalyptus incrassata,Eucalyptus_incrassata,E_incrassata,Y
Eucalyptus indurata,Eucalyptus_indurata,E_indurata,S
Eucalyptus infera,Eucalyptus_infera,E_infera,S
Eucalyptus insularis,Eucalyptus_insularis,E_insularis,Y
Eucalyptus interstans,Eucalyptus_interstans,E_interstans,N
Eucalyptus intertexta,Eucalyptus_intertexta,E_intertexta,S
Eucalyptus jacksonii,Eucalyptus_jacksonii,E_jacksonii,N
Eucalyptus jensenii,Eucalyptus_jensenii,E_jensenii,N
Eucalyptus johnsoniana,Eucalyptus_johnsoniana,E_johnsoniana,Y
Eucalyptus johnstonii,Eucalyptus_johnstonii,E_johnstonii,N
Eucalyptus jucunda,Eucalyptus_jucunda,E_jucunda,S
Eucalyptus jutsonii,Eucalyptus_jutsonii,E_jutsonii,Y
Eucalyptus kabiana,Eucalyptus_kabiana,E_kabiana,S
Eucalyptus kartzoffiana,Eucalyptus_kartzoffiana,E_kartzoffiana,N
Eucalyptus kenneallyi,Eucalyptus_kenneallyi,E_kenneallyi,N
Eucalyptus kessellii,Eucalyptus_kessellii,E_kessellii,S
Eucalyptus kingsmillii subsp. alatissima,Eucalyptus_kingsmillii,E_kingsmillii,S
Eucalyptus kitsoniana,Eucalyptus_kitsoniana,E_kitsoniana,S
Eucalyptus kochii subsp. amaryssia,Eucalyptus_kochii,E_kochii,S
Eucalyptus kondininensis subsp. kondininensis,Eucalyptus_kondininensis,E_kondininensis,N
Eucalyptus kondininensis subsp. tuberosa,Eucalyptus_kondininensis,E_kondininensis,N
Eucalyptus koolpinensis,Eucalyptus_koolpinensis,E_koolpinensis,N
Eucalyptus kruseana,Eucalyptus_kruseana,E_kruseana,Y
Eucalyptus kumarlensis,Eucalyptus_kumarlensis,E_kumarlensis,S
Eucalyptus kybeanensis,Eucalyptus_kybeanensis,E_kybeanensis,S
Eucalyptus lacrimans,Eucalyptus_lacrimans,E_lacrimans,N
Eucalyptus laeliae,Eucalyptus_laeliae,E_laeliae,N
Eucalyptus laevis,Eucalyptus_laevis,E_laevis,S
Eucalyptus laevopinea,Eucalyptus_laevopinea,E_laevopinea,N
Eucalyptus lane-poolei,Eucalyptus_lane-poolei,E_lane-poolei,S
Eucalyptus langleyi,Eucalyptus_langleyi,E_langleyi,Y
Eucalyptus lansdowneana,Eucalyptus_lansdowneana,E_lansdowneana,Y
Eucalyptus largeana,Eucalyptus_largeana,E_largeana,N
Eucalyptus largiflorens,Eucalyptus_largiflorens,E_largiflorens,N
Eucalyptus latens,Eucalyptus_latens,E_latens,Y
Eucalyptus lateritica,Eucalyptus_lateritica,E_lateritica,Y
Eucalyptus latisinensis,Eucalyptus_latisinensis,E_latisinensis,N
Eucalyptus lehmannii,Eucalyptus_lehmannii,E_lehmannii,Y
Eucalyptus leprophloia,Eucalyptus_leprophloia,E_leprophloia,Y
Eucalyptus leptocalyx,Eucalyptus_leptocalyx,E_leptocalyx,Y
Eucalyptus leptophleba,Eucalyptus_leptophleba,E_leptophleba,N
Eucalyptus leptophylla,Eucalyptus_leptophylla,E_leptophylla,Y
Eucalyptus leptopoda subsp. arctata,Eucalyptus_leptopoda,E_leptopoda,S
Eucalyptus lesouefii,Eucalyptus_lesouefii,E_lesouefii,N
Eucalyptus leucophloia subsp. euroa,Eucalyptus_leucophloia,E_leucophloia,N
Eucalyptus leucophylla,Eucalyptus_leucophylla,E_leucophylla,S
Eucalyptus leucoxylon subsp. leucoxylon,Eucalyptus_leucoxylon,E_leucoxylon,N
Eucalyptus ligulata subsp. ligulata,Eucalyptus_ligulata,E_ligulata,Y
Eucalyptus ligustrina,Eucalyptus_ligustrina,E_ligustrina,S
Eucalyptus limitaris,Eucalyptus_limitaris,E_limitaris,S
Eucalyptus lirata,Eucalyptus_lirata,E_lirata,N
Eucalyptus litoralis,Eucalyptus_litoralis,E_litoralis,N
Eucalyptus litorea,Eucalyptus_litorea,E_litorea,Y
Eucalyptus livida,Eucalyptus_livida,E_livida,S
Eucalyptus lockyeri subsp. exuta,Eucalyptus_lockyeri,E_lockyeri,N
Eucalyptus longicornis,Eucalyptus_longicornis,E_longicornis,S
Eucalyptus longifolia,Eucalyptus_longifolia,E_longifolia,N
Eucalyptus longirostrata,Eucalyptus_longirostrata,E_longirostrata,N
Eucalyptus longissima,Eucalyptus_longissima,E_longissima,S
Eucalyptus loxophleba subsp. gratiae,Eucalyptus_loxophleba,E_loxophleba,S
Eucalyptus lucasii,Eucalyptus_lucasii,E_lucasii,Y
Eucalyptus lucens,Eucalyptus_lucens,E_lucens,Y
Eucalyptus luculenta,Eucalyptus_luculenta,E_luculenta,Y
Eucalyptus luehmanniana,Eucalyptus_luehmanniana,E_luehmanniana,Y
Eucalyptus luteola,Eucalyptus_luteola,E_luteola,Y
Eucalyptus macarthurii,Eucalyptus_macarthurii,E_macarthurii,N
Eucalyptus mackintii,Eucalyptus_mackintii,E_mackintii,N
Eucalyptus macrandra,Eucalyptus_macrandra,E_macrandra,S
Eucalyptus macrocarpa subsp. elachantha,Eucalyptus_macrocarpa,E_macrocarpa,Y
Eucalyptus macrorhyncha subsp. macrorhyncha,Eucalyptus_macrorhyncha,E_macrorhyncha,N
Eucalyptus magnificata,Eucalyptus_magnificata,E_magnificata,S
Eucalyptus major,Eucalyptus_major,E_major,N
Eucalyptus malacoxylon,Eucalyptus_malacoxylon,E_malacoxylon,N
Eucalyptus mannensis subsp. vespertina,Eucalyptus_mannensis,E_mannensis,S
Eucalyptus mannifera subsp. gullickii,Eucalyptus_mannifera,E_mannifera,N
Eucalyptus marginata subsp. marginata,Eucalyptus_marginata,E_marginata,S
Eucalyptus mckieana,Eucalyptus_mckieana,E_mckieana,N
Eucalyptus mcquoidii,Eucalyptus_mcquoidii,E_mcquoidii,Y
Eucalyptus medialis,Eucalyptus_medialis,E_medialis,Y
Eucalyptus mediocris,Eucalyptus_mediocris,E_mediocris,N
Eucalyptus megacarpa,Eucalyptus_megacarpa,E_megacarpa,S
Eucalyptus megacornuta,Eucalyptus_megacornuta,E_megacornuta,Y
Eucalyptus melanoleuca,Eucalyptus_melanoleuca,E_melanoleuca,N
Eucalyptus melanophitra,Eucalyptus_melanophitra,E_melanophitra,N
Eucalyptus melanophloia,Eucalyptus_melanophloia,E_melanophloia,S
Eucalyptus melanoxylon,Eucalyptus_melanoxylon,E_melanoxylon,
Eucalyptus melliodora,Eucalyptus_melliodora,E_melliodora,N
Eucalyptus merrickiae,Eucalyptus_merrickiae,E_merrickiae,Y
Eucalyptus michaeliana,Eucalyptus_michaeliana,E_michaeliana,
Eucalyptus micranthera,Eucalyptus_micranthera,E_micranthera,Y
Eucalyptus microcarpa,Eucalyptus_microcarpa,E_microcarpa,S
Eucalyptus microcorys,Eucalyptus_microcorys,E_microcorys,N
Eucalyptus microneura,Eucalyptus_microneura,E_microneura,N
Eucalyptus microschema,Eucalyptus_microschema,E_microschema,Y
Eucalyptus microtheca,Eucalyptus_microtheca,E_microtheca,S
Eucalyptus mimica subsp. continens,Eucalyptus_mimica,E_mimica,N
Eucalyptus miniata,Eucalyptus_miniata,E_miniata,N
Eucalyptus misella,Eucalyptus_misella,E_misella,Y
Eucalyptus missilis,NA,NA,N
Eucalyptus mitchelliana,Eucalyptus_mitchelliana,E_mitchelliana,S
Eucalyptus moderata,Eucalyptus_moderata,E_moderata,S
Eucalyptus moluccana,Eucalyptus_moluccana,E_moluccana,N
Eucalyptus mooreana,Eucalyptus_mooreana,E_mooreana,S
Eucalyptus moorei subsp. moorei,Eucalyptus_moorei,E_moorei,Y
Eucalyptus morrisbyi,Eucalyptus_morrisbyi,E_morrisbyi,N
Eucalyptus morrisii,Eucalyptus_morrisii,E_morrisii,S
Eucalyptus muelleriana,Eucalyptus_muelleriana,E_muelleriana,N
Eucalyptus multicaulis,Eucalyptus_multicaulis,E_multicaulis,Y
Eucalyptus myriadena,Eucalyptus_myriadena,E_myriadena,S
Eucalyptus nandewarica,Eucalyptus_nandewarica,E_nandewarica,S
Eucalyptus neglecta,Eucalyptus_neglecta,E_neglecta,S
Eucalyptus neutra,Eucalyptus_neutra,E_neutra,Y
Eucalyptus newbeyi,Eucalyptus_newbeyi,E_newbeyi,Y
Eucalyptus nicholii,Eucalyptus_nicholii,E_nicholii,N
Eucalyptus nigrifunda,Eucalyptus_nigrifunda,E_nigrifunda,N
Eucalyptus nitens,Eucalyptus_nitens,E_nitens,N
Eucalyptus nitida,Eucalyptus_nitida,E_nitida,S
Eucalyptus nobilis,Eucalyptus_nobilis,E_nobilis,N
Eucalyptus normantonensis,Eucalyptus_normantonensis,E_normantonensis,S
Eucalyptus nortonii,Eucalyptus_nortonii,E_nortonii,N
Eucalyptus notabilis,Eucalyptus_notabilis,E_notabilis,N
Eucalyptus nova-anglica,Eucalyptus_nova-anglica,E_nova-anglica,N
Eucalyptus nudicaulis,Eucalyptus_nudicaulis,E_nudicaulis,Y
Eucalyptus nutans,Eucalyptus_nutans,E_nutans,N
Eucalyptus obconica,Eucalyptus_obconica,E_obconica,S
Eucalyptus obesa,Eucalyptus_obesa,E_obesa,Y
Eucalyptus obliqua,Eucalyptus_obliqua,E_obliqua,S
Eucalyptus obtusiflora,Eucalyptus_obtusiflora,E_obtusiflora,S
Eucalyptus occidentalis,Eucalyptus_occidentalis,E_occidentalis,S
Eucalyptus ochrophloia,Eucalyptus_ochrophloia,E_ochrophloia,N
Eucalyptus odontocarpa,Eucalyptus_odontocarpa,E_odontocarpa,Y
Eucalyptus odorata,Eucalyptus_odorata,E_odorata,S
Eucalyptus oldfieldii,Eucalyptus_oldfieldii,E_oldfieldii,Y
Eucalyptus oleosa subsp. corvina,Eucalyptus_oleosa,E_oleosa,S
Eucalyptus olida,Eucalyptus_olida,E_olida,N
Eucalyptus oligantha,Eucalyptus_oligantha,E_oligantha,N
Eucalyptus olivina,Eucalyptus_olivina,E_olivina,S
Eucalyptus olsenii,Eucalyptus_olsenii,E_olsenii,N
Eucalyptus ophitica,Eucalyptus_ophitica,E_ophitica,N
Eucalyptus optima,Eucalyptus_optima,E_optima,N
Eucalyptus oraria,Eucalyptus_oraria,E_oraria,S
Eucalyptus orbifolia,Eucalyptus_orbifolia,E_orbifolia,Y
Eucalyptus ordiana,Eucalyptus_ordiana,E_ordiana,S
Eucalyptus oreades,Eucalyptus_oreades,E_oreades,N
Eucalyptus orgadophila,Eucalyptus_orgadophila,E_orgadophila,N
Eucalyptus ornata,Eucalyptus_ornata,E_ornata,N
Eucalyptus orthostemon,Eucalyptus_orthostemon,E_orthostemon,Y
Eucalyptus ovata subsp. ovata,Eucalyptus_ovata,E_ovata,N
Eucalyptus ovularis,Eucalyptus_ovularis,E_ovularis,S
Eucalyptus oxymitra,Eucalyptus_oxymitra,E_oxymitra,Y
Eucalyptus pachycalyx subsp. waajensis,Eucalyptus_pachycalyx,E_pachycalyx,N
Eucalyptus pachyloma,Eucalyptus_pachyloma,E_pachyloma,Y
Eucalyptus pachyphylla,Eucalyptus_pachyphylla,E_pachyphylla,Y
Eucalyptus paedoglauca,Eucalyptus_paedoglauca,E_paedoglauca,N
Eucalyptus paliformis,Eucalyptus_paliformis,E_paliformis,N
Eucalyptus paludicola,Eucalyptus_paludicola,E_paludicola,S
Eucalyptus panda,Eucalyptus_panda,E_panda,N
Eucalyptus paniculata,Eucalyptus_paniculata,E_paniculata,N
Eucalyptus pantoleuca,Eucalyptus_pantoleuca,E_pantoleuca,N
Eucalyptus parramattensis subsp. decadens,Eucalyptus_parramattensis,E_parramattensis,N
Eucalyptus parvula,Eucalyptus_parvula,E_parvula,N
Eucalyptus patellaris,Eucalyptus_patellaris,E_patellaris,N
Eucalyptus patens,Eucalyptus_patens,E_patens,N
Eucalyptus pauciflora subsp. pauciflora,Eucalyptus_pauciflora,E_pauciflora,S
Eucalyptus pellita,Eucalyptus_pellita,E_pellita,N
Eucalyptus pendens,Eucalyptus_pendens,E_pendens,Y
Eucalyptus peninsularis,Eucalyptus_peninsularis,E_peninsularis,Y
Eucalyptus perangusta,Eucalyptus_perangusta,E_perangusta,Y
Eucalyptus percostata,Eucalyptus_percostata,E_percostata,Y
Eucalyptus perriniana,Eucalyptus_perriniana,E_perriniana,S
Eucalyptus persistens subsp. tardecidens,Eucalyptus_persistens,E_persistens,S
Eucalyptus petiolaris,Eucalyptus_petiolaris,E_petiolaris,N
Eucalyptus petraea,Eucalyptus_petraea,E_petraea,S
Eucalyptus petrensis,Eucalyptus_petrensis,E_petrensis,Y
Eucalyptus phaenophylla subsp. phaenophylla,Eucalyptus_phaenophylla,E_phaenophylla,Y
Eucalyptus phenax subsp. compressa,Eucalyptus_phenax,E_phenax,Y
Eucalyptus phoenicea,Eucalyptus_phoenicea,E_phoenicea,N
Eucalyptus phylacis,NA,NA,S
Eucalyptus pilbarensis,Eucalyptus_pilbarensis,E_pilbarensis,Y
Eucalyptus pileata,Eucalyptus_pileata,E_pileata,S
Eucalyptus pilligaensis,NA,NA,N
Eucalyptus pilularis,Eucalyptus_pilularis,E_pilularis,N
Eucalyptus pimpiniana,Eucalyptus_pimpiniana,E_pimpiniana,Y
Eucalyptus piperita subsp. urceolaris,Eucalyptus_piperita,E_piperita,N
Eucalyptus placita,Eucalyptus_placita,E_placita,N
Eucalyptus planchoniana,Eucalyptus_planchoniana,E_planchoniana,N
Eucalyptus platycorys,Eucalyptus_platycorys,E_platycorys,S
Eucalyptus platydisca,Eucalyptus_platydisca,E_platydisca,Y
Eucalyptus platyphylla,Eucalyptus_platyphylla,E_platyphylla,N
Eucalyptus platypus subsp. congregata,Eucalyptus_platypus,E_platypus,N
Eucalyptus pleurocarpa,Eucalyptus_pleurocarpa,E_pleurocarpa,Y
Eucalyptus pluricaulis subsp. pluricaulis,Eucalyptus_pluricaulis,E_pluricaulis,Y
Eucalyptus polita,Eucalyptus_polita,E_polita,N
Eucalyptus polyanthemos subsp. vestita,Eucalyptus_polyanthemos,E_polyanthemos,S
Eucalyptus polybractea,Eucalyptus_polybractea,E_polybractea,Y
Eucalyptus populnea,Eucalyptus_populnea,E_populnea,N
Eucalyptus porosa,Eucalyptus_porosa,E_porosa,S
Eucalyptus praetermissa,Eucalyptus_praetermissa,E_praetermissa,N
Eucalyptus prava,Eucalyptus_prava,E_prava,N
Eucalyptus preissiana subsp. preissiana,Eucalyptus_preissiana,E_preissiana,S
Eucalyptus prolixa,Eucalyptus_prolixa,E_prolixa,N
Eucalyptus prominens,Eucalyptus_prominens,E_prominens,Y
Eucalyptus propinqua,Eucalyptus_propinqua,E_propinqua,N
Eucalyptus protensa,Eucalyptus_protensa,E_protensa,N
Eucalyptus provecta,Eucalyptus_provecta,E_provecta,S
Eucalyptus pruiniramis,Eucalyptus_pruiniramis,E_pruiniramis,S
Eucalyptus pruinosa subsp. tenuata,Eucalyptus_pruinosa,E_pruinosa,S
Eucalyptus psammitica,Eucalyptus_psammitica,E_psammitica,N
Eucalyptus pterocarpa,Eucalyptus_pterocarpa,E_pterocarpa,N
Eucalyptus pulchella,Eucalyptus_pulchella,E_pulchella,N
Eucalyptus pulverulenta,Eucalyptus_pulverulenta,E_pulverulenta,S
Eucalyptus pumila,Eucalyptus_pumila,E_pumila,Y
Eucalyptus punctata,Eucalyptus_punctata,E_punctata,N
Eucalyptus purpurata,Eucalyptus_purpurata,E_purpurata,N
Eucalyptus pyriformis,Eucalyptus_pyriformis,E_pyriformis,Y
Eucalyptus pyrocarpa,Eucalyptus_pyrocarpa,E_pyrocarpa,N
Eucalyptus quadrangulata,Eucalyptus_quadrangulata,E_quadrangulata,N
Eucalyptus quadrans,Eucalyptus_quadrans,E_quadrans,S
Eucalyptus quadricostata,Eucalyptus_quadricostata,E_quadricostata,N
Eucalyptus quaerenda,Eucalyptus_quaerenda,E_quaerenda,Y
Eucalyptus racemosa subsp. racemosa,Eucalyptus_racemosa,E_racemosa,S
Eucalyptus radiata subsp. radiata,Eucalyptus_radiata,E_radiata,N
Eucalyptus rameliana,Eucalyptus_rameliana,E_rameliana,Y
Eucalyptus raveretiana,Eucalyptus_raveretiana,E_raveretiana,N
Eucalyptus ravida,Eucalyptus_ravida,E_ravida,N
Eucalyptus recta,Eucalyptus_recta,E_recta,N
Eucalyptus recurva,Eucalyptus_recurva,E_recurva,Y
Eucalyptus redunca,Eucalyptus_redunca,E_redunca,Y
Eucalyptus regnans,Eucalyptus_regnans,E_regnans,N
Eucalyptus relicta,Eucalyptus_relicta,E_relicta,N
Eucalyptus remota,Eucalyptus_remota,E_remota,S
Eucalyptus repullulans,Eucalyptus_repullulans,E_repullulans,Y
Eucalyptus resinifera subsp. hemilampra,Eucalyptus_resinifera,E_resinifera,N
Eucalyptus retinens,Eucalyptus_retinens,E_retinens,N
Eucalyptus rhodantha,Eucalyptus_rhodantha,E_rhodantha,Y
Eucalyptus rhombica,Eucalyptus_rhombica,E_rhombica,N
Eucalyptus rhomboidea,Eucalyptus_rhomboidea,E_rhomboidea,N
Eucalyptus rigens,Eucalyptus_rigens,E_rigens,Y
Eucalyptus rigidula,Eucalyptus_rigidula,E_rigidula,Y
Eucalyptus risdonii,Eucalyptus_risdonii,E_risdonii,N
Eucalyptus robusta,Eucalyptus_robusta,E_robusta,N
Eucalyptus rodwayi,Eucalyptus_rodwayi,E_rodwayi,N
Eucalyptus rosacea,Eucalyptus_rosacea,E_rosacea,Y
Eucalyptus roycei,Eucalyptus_roycei,E_roycei,S
Eucalyptus rubida subsp. barbigerorum,Eucalyptus_rubida,E_rubida,N
Eucalyptus rubiginosa,Eucalyptus_rubiginosa,E_rubiginosa,N
Eucalyptus rudderi,Eucalyptus_rudderi,E_rudderi,N
Eucalyptus rudis subsp. rudis,Eucalyptus_rudis,E_rudis,N
Eucalyptus rugosa,Eucalyptus_rugosa,E_rugosa,Y
Eucalyptus rugulata,Eucalyptus_rugulata,E_rugulata,N
Eucalyptus rummeryi,Eucalyptus_rummeryi,E_rummeryi,N
Eucalyptus rupestris,Eucalyptus_rupestris,E_rupestris,N
Eucalyptus salicola,Eucalyptus_salicola,E_salicola,N
Eucalyptus saligna,Eucalyptus_saligna,E_saligna,N
Eucalyptus salmonophloia,Eucalyptus_salmonophloia,E_salmonophloia,N
Eucalyptus salubris,Eucalyptus_salubris,E_salubris,N
Eucalyptus sargentii subsp. sargentii,Eucalyptus_sargentii,E_sargentii,Y
Eucalyptus saxatilis,Eucalyptus_saxatilis,E_saxatilis,S
Eucalyptus scias subsp. scias,Eucalyptus_scias,E_scias,N
Eucalyptus scoparia,Eucalyptus_scoparia,E_scoparia,N
Eucalyptus scopulorum,Eucalyptus_scopulorum,E_scopulorum,N
Eucalyptus scyphocalyx,Eucalyptus_scyphocalyx,E_scyphocalyx,S
Eucalyptus seeana,Eucalyptus_seeana,E_seeana,N
Eucalyptus semota,Eucalyptus_semota,E_semota,S
Eucalyptus sepulcralis,Eucalyptus_sepulcralis,E_sepulcralis,S
Eucalyptus serraensis,Eucalyptus_serraensis,E_serraensis,S
Eucalyptus sessilis,Eucalyptus_sessilis,E_sessilis,Y
Eucalyptus sheathiana,Eucalyptus_sheathiana,E_sheathiana,S
Eucalyptus shirleyi,Eucalyptus_shirleyi,E_shirleyi,N
Eucalyptus sicilifolia,Eucalyptus_sicilifolia,E_sicilifolia,N
Eucalyptus siderophloia,Eucalyptus_siderophloia,E_siderophloia,N
Eucalyptus sideroxylon,Eucalyptus_sideroxylon,E_sideroxylon,N
Eucalyptus sieberi,Eucalyptus_sieberi,E_sieberi,N
Eucalyptus similis,Eucalyptus_similis,E_similis,N
Eucalyptus singularis,Eucalyptus_singularis,E_singularis,N
Eucalyptus smithii,Eucalyptus_smithii,E_smithii,S
Eucalyptus socialis subsp. victoriensis,Eucalyptus_socialis,E_socialis,Y
Eucalyptus sp. Cockburn,NA,NA,
Eucalyptus sp. Dorsiventralis,NA,NA,
Eucalyptus sp. Flinders Ranges,NA,NA,
Eucalyptus sp. Kalbarri,NA,NA,
Eucalyptus sp. Triangolensis,NA,NA,
Eucalyptus sp. Undulans,NA,NA,
Eucalyptus sparsa,Eucalyptus_sparsa,E_sparsa,Y
Eucalyptus sparsifolia,Eucalyptus_sparsifolia,E_sparsifolia,N
Eucalyptus spathulata,Eucalyptus_spathulata,E_spathulata,N
Eucalyptus sphaerocarpa,Eucalyptus_sphaerocarpa,E_sphaerocarpa,N
Eucalyptus splendens subsp. arcana,Eucalyptus_splendens,E_splendens,N
Eucalyptus sporadica,Eucalyptus_sporadica,E_sporadica,Y
Eucalyptus spreta,Eucalyptus_spreta,E_spreta,N
Eucalyptus squamosa,Eucalyptus_squamosa,E_squamosa,N
Eucalyptus staeri,Eucalyptus_staeri,E_staeri,S
Eucalyptus staigeriana,Eucalyptus_staigeriana,E_staigeriana,N
Eucalyptus steedmanii,Eucalyptus_steedmanii,E_steedmanii,N
Eucalyptus stellulata,Eucalyptus_stellulata,E_stellulata,S
Eucalyptus stenostoma,Eucalyptus_stenostoma,E_stenostoma,N
Eucalyptus stoatei,Eucalyptus_stoatei,E_stoatei,N
Eucalyptus stowardii,Eucalyptus_stowardii,E_stowardii,Y
Eucalyptus striaticalyx,Eucalyptus_striaticalyx,E_striaticalyx,
Eucalyptus stricklandii,Eucalyptus_stricklandii,E_stricklandii,N
Eucalyptus stricta,Eucalyptus_stricta,E_stricta,Y
Eucalyptus strzeleckii,Eucalyptus_strzeleckii,E_strzeleckii,N
Eucalyptus sturgissiana,Eucalyptus_sturgissiana,E_sturgissiana,Y
Eucalyptus subangusta subsp. pusilla,Eucalyptus_subangusta,E_subangusta,S
Eucalyptus subcrenulata,Eucalyptus_subcrenulata,E_subcrenulata,N
Eucalyptus suberea,Eucalyptus_suberea,E_suberea,S
Eucalyptus subtilis,Eucalyptus_subtilis,E_subtilis,Y
Eucalyptus suffulgens,Eucalyptus_suffulgens,E_suffulgens,N
Eucalyptus suggrandis subsp. alipes,Eucalyptus_suggrandis,E_suggrandis,S
Eucalyptus surgens,Eucalyptus_surgens,E_surgens,Y
Eucalyptus synandra,Eucalyptus_synandra,E_synandra,Y
Eucalyptus talyuberlup,Eucalyptus_talyuberlup,E_talyuberlup,S
Eucalyptus taurina,Eucalyptus_taurina,E_taurina,N
Eucalyptus tectifica,Eucalyptus_tectifica,E_tectifica,N
Eucalyptus tenella,Eucalyptus_tenella,E_tenella,N
Eucalyptus tenera,Eucalyptus_tenera,E_tenera,Y
Eucalyptus tenuipes,Eucalyptus_tenuipes,E_tenuipes,N
Eucalyptus tenuiramis,Eucalyptus_tenuiramis,E_tenuiramis,N
Eucalyptus tenuis,Eucalyptus_tenuis,E_tenuis,Y
Eucalyptus tephroclada,Eucalyptus_tephroclada,E_tephroclada,Y
Eucalyptus tephrodes,Eucalyptus_tephrodes,E_tephrodes,S
Eucalyptus terebra,Eucalyptus_terebra,E_terebra,N
Eucalyptus tereticornis subsp. tereticornis,Eucalyptus_tereticornis,E_tereticornis,N
Eucalyptus terrica,Eucalyptus_terrica,E_terrica,N
Eucalyptus tetrapleura,Eucalyptus_tetrapleura,E_tetrapleura,N
Eucalyptus tetraptera,Eucalyptus_tetraptera,E_tetraptera,Y
Eucalyptus tetrodonta,Eucalyptus_tetrodonta,E_tetrodonta,N
Eucalyptus thamnoides subsp. megista,Eucalyptus_thamnoides,E_thamnoides,Y
Eucalyptus tholiformis,Eucalyptus_tholiformis,E_tholiformis,N
Eucalyptus thozetiana,Eucalyptus_thozetiana,E_thozetiana,N
Eucalyptus tindaliae,Eucalyptus_tindaliae,E_tindaliae,S
Eucalyptus tintinnans,Eucalyptus_tintinnans,E_tintinnans,N
Eucalyptus todtiana,Eucalyptus_todtiana,E_todtiana,S
Eucalyptus torquata,Eucalyptus_torquata,E_torquata,N
Eucalyptus tortilis,Eucalyptus_tortilis,E_tortilis,N
Eucalyptus transcontinentalis,Eucalyptus_transcontinentalis,E_transcontinentalis,N
Eucalyptus tricarpa,Eucalyptus_tricarpa,E_tricarpa,N
Eucalyptus triflora,Eucalyptus_triflora,E_triflora,N
Eucalyptus trivalvis,NA,NA,S
Eucalyptus tumida,Eucalyptus_tumida,E_tumida,Y
Eucalyptus ultima,Eucalyptus_ultima,E_ultima,Y
Eucalyptus umbra,Eucalyptus_umbra,E_umbra,N
Eucalyptus umbrawarrensis,Eucalyptus_umbrawarrensis,E_umbrawarrensis,N
Eucalyptus uncinata,Eucalyptus_uncinata,E_uncinata,S
Eucalyptus urna,Eucalyptus_urna,E_urna,Y
Eucalyptus urnigera,Eucalyptus_urnigera,E_urnigera,N
Eucalyptus utilis,Eucalyptus_utilis,E_utilis,S
Eucalyptus valens,Eucalyptus_valens,E_valens,N
Eucalyptus varia subsp. salsuginosa,Eucalyptus_varia,E_varia,Y
Eucalyptus vegrandis,Eucalyptus_vegrandis,E_vegrandis,Y
Eucalyptus vernicosa,Eucalyptus_vernicosa,E_vernicosa,Y
Eucalyptus verrucata,Eucalyptus_verrucata,E_verrucata,N
Eucalyptus vesiculosa,Eucalyptus_vesiculosa,E_vesiculosa,N
Eucalyptus vicina,Eucalyptus_vicina,E_vicina,S
Eucalyptus victoriana,Eucalyptus_victoriana,E_victoriana,N
Eucalyptus victrix,Eucalyptus_victrix,E_victrix,
Eucalyptus viminalis subsp. cygnetensis,Eucalyptus_viminalis,E_viminalis,S
Eucalyptus virens,Eucalyptus_virens,E_virens,N
Eucalyptus virginea,Eucalyptus_virginea,E_virginea,S
Eucalyptus viridis,Eucalyptus_viridis,E_viridis,S
Eucalyptus vokesensis,Eucalyptus_vokesensis,E_vokesensis,Y
Eucalyptus volcanica,Eucalyptus_volcanica,E_volcanica,N
Eucalyptus wandoo subsp. pulverea,Eucalyptus_wandoo,E_wandoo,N
Eucalyptus websteriana,Eucalyptus_websteriana,E_websteriana,Y
Eucalyptus whitei,Eucalyptus_whitei,E_whitei,N
Eucalyptus wilcoxii,Eucalyptus_wilcoxii,E_wilcoxii,S
Eucalyptus williamsiana,Eucalyptus_williamsiana,E_williamsiana,N
Eucalyptus willisii subsp. falciformis,Eucalyptus_willisii,E_willisii,S
Eucalyptus woodwardii,Eucalyptus_woodwardii,E_woodwardii,N
Eucalyptus wyolensis,Eucalyptus_wyolensis,E_wyolensis,Y
Eucalyptus xanthonema subsp. xanthonema,Eucalyptus_xanthonema,E_xanthonema,Y
Eucalyptus xerothermica,Eucalyptus_xerothermica,E_xerothermica,S
Eucalyptus yalatensis,Eucalyptus_yalatensis,E_yalatensis,Y
Eucalyptus yarraensis,Eucalyptus_yarraensis,E_yarraensis,N
Eucalyptus yilgarnensis,Eucalyptus_yilgarnensis,E_yilgarnensis,S
Eucalyptus youmanii,Eucalyptus_youmanii,E_youmanii,N
Eucalyptus youngiana,Eucalyptus_youngiana,E_youngiana,S
Eucalyptus yumbarrana,Eucalyptus_yumbarrana,E_yumbarrana,S
Eucalyptus zopherophloia,Eucalyptus_zopherophloia,E_zopherophloia,Y