Sample (Bag),accepted_name,species,dry mass (g),dry mass (g),dry mass (g),Area mm2,Area mm2,Area mm2,SLA cm2/g,SLA cm2/g,SLA cm2/g,mean_SLA,CV SLA,Mean Mass,Mean Area,
,,,1,2,3,1,2,3,1,2,3,,,,,
1,Eucalyptus falcata var. ecostata,Eucalyptus falcata subsp. ecostata,0.1363,0.1516,0.3359,594,611,984,43.58,40.3,29.29,37.72,19.83,0.208,730,
2,Eucalyptus lehmannii subsp. parallela,Eucalyptus lehmannii subsp. parallela,0.2121,0.1459,0.1424,758,583,623,35.73,39.99,43.72,39.81,10.05,0.167,655,
3,Eucalyptus albopurpurea,Eucalyptus albopurpurea,0.652,0.5233,0.6012,1907,1697,1723,29.25,32.43,28.66,30.11,6.73,0.592,1776,
4,Eucalyptus mcquoidii,Eucalyptus mcquoidii,0.0692,0.0739,0.0596,345,362,286,49.86,49,47.99,48.95,1.91,0.068,331,
5,Eucalyptus conglobata subsp. conglobata,Eucalyptus conglobata subsp. conglobata (crassa),0.493,0.4438,0.4114,1366,1548,1418,27.7,34.89,34.46,32.35,12.46,0.449,1444,
6,Eucalyptus cuspidata,Eucalyptus cuspidata,1.0406,1.7952,,2613,3459,,25.11,19.27,,22.19,18.63,1.418,3036,
7,Eucalyptus corrugata,Eucalyptus corrugata,0.2981,0.5713,0.5261,574,1377,1257,19.26,24.1,23.89,22.42,12.19,0.465,1069,
8,Eucalyptus pterocarpa,Eucalyptus pterocarpa,0.5466,0.4931,0.4398,1651,1307,1096,30.21,26.5,24.92,27.21,9.98,0.493,1351,
9,Eucalyptus laevis,Eucalyptus laevis,0.5634,0.2148,0.3751,1543,688,1070,27.39,32.03,28.53,29.31,8.25,0.384,1100,
10,Eucalyptus distuberosa subsp. aerata,Eucalyptus distuberosa subsp. aerata,0.5479,0.22,0.25,1016,443,533,18.54,20.12,21.34,20,7.01,0.339,664,
11,Eucalyptus frenchiana,Eucalyptus frenchiana,0.5982,0.5877,0.6795,1178,1146,1377,19.69,19.5,20.26,19.82,2.01,0.622,1234,
12,Eucalyptus histophylla,Eucalyptus histophylla,0.3281,0.3181,0.2095,676,668,450,20.61,21,21.47,21.03,2.05,0.285,598,
13,Eucalyptus fraseri subsp. melanobasis,Eucalyptus fraseri subsp. melanbasis,0.7626,1.2074,0.7143,1287,2322,1397,16.88,19.23,19.56,18.56,7.88,0.895,1669,
14,Eucalyptus protensa,Eucalyptus protensa,0.2584,0.1819,0.2629,831,547,810,32.16,30.07,30.81,31.01,3.42,0.234,729,
15,Eucalyptus griffithsii,Eucalyptus griffithsii,0.2921,0.3461,0.4467,901,939,972,30.85,27.14,21.76,26.58,17.19,0.362,937,
16,Eucalyptus jimberlanica,Eucalyptus jimberlanica,0.4746,0.4335,0.7835,1349,1180,2082,28.43,27.22,26.57,27.41,3.45,0.564,1537,
17,Eucalyptus pileata,Eucalyptus pileata,0.3273,0.195,0.1237,911,552,391,27.83,28.3,31.64,29.25,7.1,0.215,618,
18,Eucalyptus stricklandii,Eucalyptus stricklandii,1.2423,1.1269,,2972,2570,,23.93,22.81,,23.37,3.38,1.185,2771,
19,Eucalyptus erythronema,Eucalyptus erythronema var erythronema,0.3255,0.366,0.168,747,789,415,22.94,21.56,24.7,23.07,6.83,0.287,650,
20,NA,Eucalyptus leptophylla var floribunda,0.155,0.1595,0.1219,578,526,375,37.31,32.98,30.76,33.68,9.89,0.145,493,
21,Eucalyptus wandoo,Eucalyptus wandoo subsp. wandoo,0.1322,0.1891,0.1831,417,501,513,31.56,26.49,28.02,28.69,9.05,0.168,477,
22,Eucalyptus polita,Eucalyptus polita,0.3063,0.6159,0.8535,921,1411,1902,30.08,22.9,22.29,25.09,17.27,0.592,1411,
23,Eucalyptus aequioperta,Eucalyptus aequioperta,0.4978,0.3175,0.418,1352,940,1105,27.15,29.62,26.43,27.73,6.04,0.411,1132,
24,NA,Eucalyptus subangusta subsp. virescens,0.1492,0.1947,0.1651,569,552,,38.15,28.34,,33.24,20.86,0.17,560,
25,Eucalyptus pileata,Eucalyptus pileata SA,0.2035,0.1509,0.1924,669,494,595,32.86,32.73,30.95,32.18,3.31,0.182,586,
26,Eucalyptus salubris,Eucalyptus salubris,0.2027,0.2459,0.3254,997,955,1175,49.19,38.83,36.11,41.37,16.68,0.258,1042,
27,NA,Eucalyptus aff. Ridigula (Kalbarri broad seedlings),0.3015,0.1331,0.1753,828,430,598,27.47,32.34,34.1,31.3,10.97,0.203,619,
28,Eucalyptus oraria,Eucalyptus oraria,0.372,0.2866,0.2064,1286,1207,878,34.58,42.1,42.55,39.74,11.27,0.288,1124,
29,Eucalyptus creta,Eucalyptus creta,0.5775,0.6115,0.7539,1196,1368,1591,20.72,22.37,21.11,21.4,4.03,0.648,1385,
30,Eucalyptus fruticosa,Eucalyptus fruticosa,0.0554,0.0405,0.0357,238,181,154,42.9,44.58,43.14,43.54,2.08,0.044,191,
31,Eucalyptus terebra,Eucalyptus terebra,0.1023,0.1378,0.1612,357,396,439,34.9,28.74,27.23,30.29,13.41,0.134,397,
32,Eucalyptus salicola,Eucalyptus salicola,0.1134,0.0607,0.0431,400,211,,35.26,34.78,,35.02,0.96,0.072,305,
33,Eucalyptus extensa,Eucalyptus extensa,0.2672,0.2346,0.3434,764,669,903,28.59,28.52,26.29,27.8,4.72,0.282,779,
34,NA,Eucalyptus :nerthicola:,0.7804,0.3746,1.0881,1389,838,1820,17.8,22.38,16.72,18.97,15.84,0.748,1349,
35,Eucalyptus dissimulata,Eucalyptus dissimulata subsp. :plauta”,0.0765,0.0927,0.1297,291,251,361,38.05,27.09,27.84,30.99,19.76,0.1,301,
36,Eucalyptus fraseri subsp. fraseri,Eucalyptus fraseri subsp. fraseri,1.077,0.677,0.8044,2781,1622,2369,25.82,23.96,29.45,26.41,10.57,0.853,2257,
37,Eucalyptus leptocalyx subsp. petilipes,Eucalyptus leptocalyx subsp. petilipes,0.6249,0.576,0.3617,1194,1059,901,19.11,18.38,24.9,20.8,17.17,0.521,1051,
38,Eucalyptus lesouefii,Eucalyptus lesouefii,1.5735,2.289,,3156,4333,,20.06,18.93,,19.49,4.09,1.931,3745,
39,Eucalyptus effusa subsp. effusa,Eucalyptus effusa subsp. effusa,0.1852,0.2398,0.208,662,791,694,35.73,32.99,33.38,34.03,4.36,0.211,716,
40,Eucalyptus spreta,Eucalyptus spreta,0.3482,0.5122,0.4149,883,1209,1043,25.37,23.6,25.15,24.71,3.91,0.425,1045,
41,Eucalyptus balladoniensis subsp. balladoniensis,Eucalyptus balladoniensis subsp. balladoniensis,,,,,,,#DIV/0!,#DIV/0!,#DIV/0!,#DIV/0!,#DIV/0!,#DIV/0!,#DIV/0!,
42,Eucalyptus rugulata,Eucalyptus rugulataa,0.7554,0.8242,0.6587,1489,1662,1392,19.71,20.16,21.14,20.34,3.58,0.746,1514,
43,NA,Eucalyptus _dendrosheath”,0.4774,0.6384,0.3309,1187,1552,,24.87,24.31,,24.59,1.61,0.482,1370,
44,Eucalyptus olivina,Eucalyptus olivina,0.0872,0.0739,0.0758,270,224,230,30.96,30.31,30.34,30.54,1.2,0.079,241,
45,Eucalyptus crucis subsp. crucis,Eucalyptus crucis subsp. crucis,0.1268,0.1016,0.0882,607,452,418,47.86,44.47,47.41,46.58,3.95,0.106,492,
46,Eucalyptus albida,Eucalyptus albida,0.1943,0.143,0.2033,534,428,488,27.51,29.96,23.98,27.15,11.06,0.18,483,
47,Eucalyptus gardneri subsp. gardneri,Eucalyptus gardneri subsp. gardneri,0.4679,0.3676,0.5775,1466,1101,1637,31.33,29.94,28.35,29.87,4.99,0.471,1401,
48,Eucalyptus conveniens,Eucalyptus conveniens,0.2875,0.4424,0.3849,817,1257,1053,28.42,28.42,27.35,28.06,2.21,0.372,1042,
49,Eucalyptus gardneri subsp. gardneri,Eucalyptus gardneri subsp. gardneri,0.5231,0.3834,0.4133,1070,765,867,20.45,19.95,20.98,20.46,2.5,0.44,901,
50,Eucalyptus wubinensis,Eucalyptus wubinensis,1.2032,1.3888,0.9031,2439,2672,1707,20.27,19.24,18.91,19.47,3.65,1.165,2273,
51,Eucalyptus perangusta,Eucalyptus perangusta,0.0931,0.1263,0.1129,200,275,243,21.48,21.81,21.52,21.6,0.81,0.111,239,
52,Eucalyptus caesia,Eucalyptus caesia subsp. caesia,0.5661,0.3444,0.3633,1933,1258,1242,34.14,36.52,34.2,34.95,3.88,0.425,1478,
53,Eucalyptus alipes,Eucalyptus alipes,0.0887,0.0892,0.0678,274,274,232,30.84,30.72,34.22,31.93,6.22,0.082,260,
54,Eucalyptus platycorys,Eucalyptus platycorys,0.7105,0.4296,0.715,1671,1095,1434,23.52,25.48,20.06,23.02,11.93,0.618,1400,
55,Eucalyptus exigua,Eucalyptus exigua,0.2279,0.1896,0.1819,723,506,455,31.73,26.66,25.01,27.8,12.6,0.2,561,
56,Eucalyptus gittinsii subsp. gittinsii,Eucalyptus gittinsii dubsp gittinsii,0.5245,0.4338,0.422,1710,1403,1357,32.6,32.35,32.15,32.37,0.7,0.46,1490,
57,Eucalyptus subtilis,Eucalyptus subtilis,0.168,0.0842,0.1348,370,,290,22.02,,21.49,21.76,1.74,0.129,330,
58,Eucalyptus grasbyi,Eucalyptus grasbyi,0.4362,0.2481,0.2177,997,817,587,22.85,32.93,26.96,27.58,18.39,0.301,800,
59,Eucalyptus argyphea,Eucalyptus argyphea,0.3258,0.2933,0.1854,1023,787,776,31.39,26.84,41.83,33.35,23.05,0.268,862,
60,Eucalyptus macrocarpa subsp. macrocarpa,Eucalyptus macrocarpa subsp. macrocarpa,0.5753,0.5942,0.7488,1898,2022,2052,33,34.02,27.41,31.48,11.31,0.639,1991,
61,Eucalyptus rugosa,Eucalyptus rugosa (EP),0.2471,0.3227,0.2759,942,1337,881,38.11,41.43,31.92,37.15,12.98,0.282,1053,
62,Eucalyptus utilis,Eucalyptus utilis,0.7727,0.4341,0.2514,2115,1253,1031,27.38,28.85,41.02,32.42,23.09,0.486,1466,
63,Eucalyptus petraea,Eucalyptus petraea,0.4016,0.4842,0.4442,1065,1275,1342,26.52,26.33,30.22,27.69,7.92,0.443,1227,
64,Eucalyptus suggrandis subsp. promiscua,Eucalyptus suggrandis subsp. promiscua,0.0821,0.0821,0.0683,215,209,188,26.19,25.46,27.53,26.39,3.98,0.078,204,
65,Eucalyptus cornuta,Eucalyptus cornuta,0.2306,0.3125,0.3896,964,1503,1297,41.81,48.11,33.3,41.07,18.09,0.311,1255,
66,Eucalyptus clivicola,Eucalyptus clivicola,0.2381,0.2457,0.5944,659,661,1370,27.67,26.9,23.05,25.87,9.58,0.359,897,
67,Eucalyptus conferruminata subsp. conferruminata,Eucalyptus conferruminata subsp. conferruminata,0.5448,0.4874,0.5739,1506,1451,1738,27.63,29.78,30.29,29.23,4.81,0.535,1565,
68,Eucalyptus astringens subsp. astringens,Eucalyptus astringens subsp. astringens,0.5079,0.4575,0.5941,1758,1723,2082,34.62,37.66,35.04,35.77,4.6,0.52,1854,
69,NA,E x stoaptera,1.3282,1.4412,,2121,2132,,15.97,14.79,,15.38,5.41,1.385,2127,
70,Eucalyptus obesa,Eucalyptus obesa,0.454,0.4594,0.1688,1066,1134,674,23.48,24.69,39.95,29.37,31.26,0.361,958,
71,NA,Eucalyptus falcata subsp. falcata,0.399,0.2578,0.3186,1020,656,871,25.56,25.46,27.34,26.12,4.05,0.325,849,
72,Eucalyptus decipiens subsp. decipiens,Eucalyptus decipiens subsp. decipiens,0.1182,0.1364,0.0926,417,494,315,35.28,36.25,34.06,35.2,3.12,0.116,409,
73,Eucalyptus leptocalyx subsp. leptocalyx,Eucalyptus leptocalyx subsp. leptocalys,2.0666,1.0932,,3351,1989,,16.21,18.19,,17.2,8.14,1.58,2670,
74,Eucalyptus dielsii,Eucalyptus dielsii,0.3458,0.3717,0.3865,1053,961,1006,30.44,25.85,26.02,27.44,9.49,0.368,1006,
75,Eucalyptus sargentii,Eucalyptus sargentii subsp. onesia,0.0938,0.0559,0.0763,340,219,306,36.21,39.23,40.1,38.52,5.3,0.075,288,
76,Eucalyptus rigens,E.rigens,0.8756,0.8857,0.5606,1856,1787,1051,21.2,20.17,18.74,20.04,6.15,0.774,1565,
79,Eucalyptus subangusta subsp. pusilla,Eucalyptus subangusta subsp. pusilla,0.1856,0.3084,0.3513,604,806,932,32.55,26.14,26.54,28.41,12.64,0.282,781,
80,NA,E x bennettiae,0.1972,0.4311,0.262,700,1222,773,35.49,28.36,29.51,31.12,12.31,0.297,899,
81,Eucalyptus indurata,Eucalyptus indurata,0.3841,0.2846,0.2436,1033,749,619,26.89,26.34,25.42,26.22,2.84,0.304,801,
82,Eucalyptus suggrandis subsp. suggrandis,Eucalyptus suggrandis subsp. suggrandis,0.2822,0.4547,0.3706,641,987, ,22.7,21.71,#VALUE!,#VALUE!,#VALUE!,0.369,814,
83,Eucalyptus purpurata,Eucalyptus purpurata,0.1798,0.202,0.1663,661,817,632,36.74,40.47,38.02,38.41,4.93,0.183,703,
84,Eucalyptus megacornuta,Eucalyptus megacornuta,0.2937,0.2708,0.4889,954,942,1534,32.47,34.8,31.38,32.88,5.32,0.351,1143,
85,Eucalyptus kondininensis,Eucalyptus kondininensis (tuberosa),0.5555,0.5057,0.9866,1063,1022,1903,19.13,20.21,19.29,19.55,2.98,0.683,1329,
86,Eucalyptus thamnoides,Eucalyptus thamnoides,0.205,0.1763,0.1751,681,604,547,33.24,34.26,31.24,32.91,4.67,0.185,611,
87,Eucalyptus thamnoides,,0.9089,0.6735,0.9021,2650,2104,2596,29.16,31.25,28.78,29.73,4.47,0.828,2450,
88,Eucalyptus orthostemon,Eucalyptus orthostemon,0.0453,0.0409,0.0223,133,127,73,29.45,31.02,32.87,31.12,5.5,0.036,111,
89,Eucalyptus dissimulata,Eucalyptus dissimulata,0.144,0.2112,0.1794,316,569,516,21.95,26.92,28.79,25.89,13.65,0.178,467,
90,Eucalyptus rigidula,Eucalyptus rigidula,0.129,0.3034,0.173,335,845,470,25.97,27.84,27.16,26.99,3.49,0.202,550,
91,Eucalyptus uncinata,Eucalyptus uncinata subsp.. uncinata,0.0778,0.105,0.1111,280,326,368,35.99,31.07,33.12,33.39,7.41,0.098,325,
92,Eucalyptus uncinata,,0.3791,0.4199,0.4683,894,954,1076,23.57,22.71,22.98,23.09,1.9,0.422,974,
93,Eucalyptus uncinata,,0.8095,0.5382,0.7229,2339,1406,2016,28.89,26.12,27.88,27.63,5.09,0.69,1920,
94,Eucalyptus uncinata,,0.2431,0.2437,0.2177,659,702,553,27.09,28.83,25.41,27.11,6.29,0.235,638,
95,Eucalyptus uncinata,,0.1406,0.1494,0.1598,376,393,405,26.72,26.32,25.33,26.12,2.74,0.15,391,
96,Eucalyptus uncinata,,0.3817,0.3695,0.2898,1381,1306,1090,36.18,35.33,37.63,36.38,3.18,0.347,1259,
97,Eucalyptus uncinata,,0.0962,0.1076,0.0893,345,460,383,35.85,42.74,42.86,40.48,9.91,0.098,396,
98,Eucalyptus uncinata,,,,,,,,#DIV/0!,#DIV/0!,#DIV/0!,#DIV/0!,#DIV/0!,#DIV/0!,#DIV/0!,
99,Eucalyptus uncinata,,0.4402,0.5094,0.4991,1267,1357,1289,28.78,26.63,25.83,27.08,5.63,0.483,1304,
100,Eucalyptus uncinata,,0.4335,0.4,0.3751,1153,1255,1314,26.6,31.38,35.04,31,13.66,0.403,1241,
101,Eucalyptus uncinata,,0.3346,0.3079,0.388,810,699,786,24.22,22.71,20.27,22.4,8.91,0.344,765,
102,Eucalyptus uncinata,,1.0771,0.6512,0.7052,3652,2109,2488,33.9,32.39,35.28,33.86,4.26,0.811,2750,
103,Eucalyptus uncinata,,0.5645,0.5599,0.7779,1267,1381,1437,22.44,24.66,18.47,21.86,14.34,0.634,1362,
104,Eucalyptus cinerea,Eucalyptus cinera x2,0.5802,0.6739,0.3997,1372,1589,838,23.65,23.58,20.97,22.74,6.72,0.551,1267,
105,Eucalyptus cinerea,,0.1148,0.1038,0.1006,322,300,269,28.06,28.93,26.76,27.92,3.92,0.106,297,
106,Eucalyptus cinerea,,0.4571,0.4343,0.4174,1373,1220,1307,30.04,28.09,31.3,29.81,5.43,0.436,1300,
107,Eucalyptus cinerea,,0.6324,0.6664,0.6134,2922,3170,2694,46.21,47.56,43.92,45.9,4.01,0.637,2929,
108,Eucalyptus cinerea,,0.535,0.3721,0.3171,1853,1274,849,34.63,34.23,26.76,31.87,13.91,0.408,1325,
109,Eucalyptus cinerea,,0.2812,0.3594,0.6203,681,1064,1430,24.22,29.6,23.05,25.62,13.64,0.42,1058,
110,Eucalyptus kitsoniana,Eucalyptus kitsoniana,0.1931,0.2834,0.3428,989,1430,1760,51.22,50.47,51.34,51.01,0.92,0.273,1393,
111,Eucalyptus diversicolor,Eucalyptus diversicolor Tall,0.6295,0.5036,0.4931,3711,3160,3268,58.95,62.75,66.28,62.66,5.85,0.542,3380,
112,Eucalyptus brookeriana,Eucalyptus brookerianan VIC,0.4852,0.5432,0.7282,2494,1925,3009,51.41,35.44,41.32,42.72,18.9,0.586,2476,
113,Eucalyptus conspicua,Eucalyptus conspicua VIC,0.3075,0.3405,0.37,1668,2160,2319,54.23,63.45,62.69,60.12,8.51,0.339,2049,
114,Eucalyptus conferruminata subsp. Recherche,Eucalyptus conferruminata subsp. Recherche,0.245,0.3165,0.1799,1153,1344,719,47.06,42.46,39.97,43.17,8.33,0.247,1072,
115,Eucalyptus aromaphloia,Eucalyptus aromaphloia Lorne,0.2762,0.2543,0.2272,1435,1375,984,51.97,54.05,43.31,49.78,11.45,0.253,1265,
116,NA,Eucalyptus natons,0.3072,0.9832,0.9787,1192,3571,3609,38.8,36.32,36.88,37.33,3.5,0.756,2791,
117,Eucalyptus calycogona subsp. miraculum,Eucalyptus calycogona subsp. miracula,0.3638,0.2728,0.3045,1282,1263,1055,35.25,46.29,34.65,38.73,16.93,0.314,1200,
118,Eucalyptus oleosa subsp. Oleosa,Eucalyptus oleosa subsp.. Oleosa,0.2799,0.1643,0.2319,634,463,735,22.64,28.17,31.7,27.5,16.61,0.225,611,
119,Eucalyptus incrassata,Eucalyptus incrassata,0.3526,0.2478,0.5379,848,635,1264,24.04,25.64,23.5,24.39,4.56,0.379,916,
120,NA,Eucalyptus ganophylla,0.1796,0.1879,0.1463,869,920,650,48.39,48.96,44.41,47.25,5.25,0.171,813,
121,Eucalyptus porosa,Eucalyptus porosa,,,,,,,#DIV/0!,#DIV/0!,#DIV/0!,#DIV/0!,#DIV/0!,#DIV/0!,#DIV/0!,
122,NA,Eucalyptus parsa,,,,,,,#DIV/0!,#DIV/0!,#DIV/0!,#DIV/0!,#DIV/0!,#DIV/0!,#DIV/0!,
123,Eucalyptus Salmonophloia,Eucalyptus Salmonophloia,0.1377,0.1829,0.1912,511,626,637,37.11,34.24,33.32,34.89,5.67,0.171,591,
124,NA,Eucalyptus eruthro,0.8912,1.5486,,2729,4275,,30.62,27.61,,29.11,7.33,1.22,3502,
125,NA,Eucalyptus wood,2.2313,1.1045,,6534,3631,,29.28,32.87,,31.08,8.17,1.668,5083,
126,NA,Eucalyptus tetrap,2.8026,2.3522,,4707,3911,,16.8,16.63,,16.71,0.71,2.577,4309,
127,NA,Eucalyptus torq,0.5368,0.4323,0.7447,1173,1279,1549,21.85,29.59,20.8,24.08,19.93,0.571,1334,
128,NA,Eucalyptus forrest,0.4107,0.4855,0.5753,1069,1228,1524,26.03,25.3,26.49,25.94,2.32,0.491,1274,
129,NA,Eucalyptus trus,0.0349,0.032,0.0273,162,137,151,46.32,42.74,55.3,48.12,13.44,0.031,150,
130,Eucalyptus caesia,Eucalyptus cassia,0.5084,0.654,0.805,1720,2030,2400,33.83,31.04,29.81,31.56,6.52,0.656,2050,
131,Eucalyptus conica,Eucalyptus conica,,,,,,,#DIV/0!,#DIV/0!,#DIV/0!,#DIV/0!,#DIV/0!,#DIV/0!,#DIV/0!,
132,NA,Eucalyptus dianica,0.2393,0.2963,0.3702,1271,1630,1847,53.11,55.01,49.9,52.67,4.91,0.302,1583,
133,Eucalyptus melliodora,Eucalyptus melliodora,,,,,,,#DIV/0!,#DIV/0!,#DIV/0!,#DIV/0!,#DIV/0!,#DIV/0!,#DIV/0!,
134,NA,Eucalyptus poly,,,,,,,#DIV/0!,#DIV/0!,#DIV/0!,#DIV/0!,#DIV/0!,#DIV/0!,#DIV/0!,
135,NA,Eucalyptus allig,,,,,,,#DIV/0!,#DIV/0!,#DIV/0!,#DIV/0!,#DIV/0!,#DIV/0!,#DIV/0!,
136,NA,Eucalyptus pilliga,,,,,,,#DIV/0!,#DIV/0!,#DIV/0!,#DIV/0!,#DIV/0!,#DIV/0!,#DIV/0!,
137,NA,Eucalyptus molec,,,,,,,#DIV/0!,#DIV/0!,#DIV/0!,#DIV/0!,#DIV/0!,#DIV/0!,#DIV/0!,
138,Eucalyptus fibrosa,Eucalyptus fibrosa,,,,,,,#DIV/0!,#DIV/0!,#DIV/0!,#DIV/0!,#DIV/0!,#DIV/0!,#DIV/0!,
139,Eucalyptus crebra,Eucalyptus crebra,,,,,,,#DIV/0!,#DIV/0!,#DIV/0!,#DIV/0!,#DIV/0!,#DIV/0!,#DIV/0!,
140,NA,Eucalyptus argo,,,,,,,#DIV/0!,#DIV/0!,#DIV/0!,#DIV/0!,#DIV/0!,#DIV/0!,#DIV/0!,
141,NA,Eucalyptus sider,,,,,,,#DIV/0!,#DIV/0!,#DIV/0!,#DIV/0!,#DIV/0!,#DIV/0!,#DIV/0!,
142,Eucalyptus fibrosa,Eucalyptus fibrosa,,,,,,,#DIV/0!,#DIV/0!,#DIV/0!,#DIV/0!,#DIV/0!,#DIV/0!,#DIV/0!,
143,NA,Eucalyptus panic,,,,,,,#DIV/0!,#DIV/0!,#DIV/0!,#DIV/0!,#DIV/0!,#DIV/0!,#DIV/0!,
144,NA,Eucalyptus sideroph,,,,,,,#DIV/0!,#DIV/0!,#DIV/0!,#DIV/0!,#DIV/0!,#DIV/0!,#DIV/0!,
145,NA,Eucalyptus leucox,,,,,,,#DIV/0!,#DIV/0!,#DIV/0!,#DIV/0!,#DIV/0!,#DIV/0!,#DIV/0!,
146,NA,Eucalyptus popul,,,,,,,#DIV/0!,#DIV/0!,#DIV/0!,#DIV/0!,#DIV/0!,#DIV/0!,#DIV/0!,
147,Eucalyptus fusiformis,Eucalyptus fusiformis,,,,,,,#DIV/0!,#DIV/0!,#DIV/0!,#DIV/0!,#DIV/0!,#DIV/0!,#DIV/0!,
148,Eucalyptus ancophila,Eucalyptus ancophila,,,,,,,#DIV/0!,#DIV/0!,#DIV/0!,#DIV/0!,#DIV/0!,#DIV/0!,#DIV/0!,
149,NA,Eucalyptus argadophil,,,,,,,#DIV/0!,#DIV/0!,#DIV/0!,#DIV/0!,#DIV/0!,#DIV/0!,#DIV/0!,
150,Eucalyptus sieberi,Eucalyptus sieberi,0.9591,0.7017,0.819,2502,1849,2149,26.08,26.36,26.24,26.23,0.53,0.827,2167,
151,Eucalyptus deuaensis,Eucalyptus deuaensis,0.3109,0.2847,0.1187,953,930,373,30.67,32.66,31.39,31.57,3.19,0.238,752,
152,Eucalyptus kartzoffiana,Eucalyptus kartzoffiana,0.7461,0.4925,0.5206,2938,2015,2100,39.37,40.91,40.33,40.2,1.93,0.586,2351,
153,Eucalyptus macrandra,Eucalyptus macrandra,0.5373,0.5139,1.0001,1683,1501,3160,31.32,29.22,31.6,30.71,4.24,0.684,2115,
154,Eucalyptus strzeleckii,Eucalyptus strzeleckii subsp. _otwayensisi”,0.1863,0.2645,0.2004,1191,1732,1280,63.95,65.48,63.86,64.43,1.42,0.217,1401,
155,Eucalyptus polyanthemos subsp. longior,Eucalyptus polyanthemos subsp. longior,0.4448,0.2988,0.4028,2265,1571,2183,50.92,52.57,54.2,52.56,3.11,0.382,2006,
156,Eucalyptus croajingolensis,Eucalyptus croajingolensis,0.2917,0.4117,0.5318,1775,2489,2859,60.84,60.45,53.76,58.35,6.82,0.412,2374,
157,Eucalyptus gregsoniana,Eucalyptus gregsoniana,0.3404,0.3125,0.2717,1142,1036,965,33.54,33.16,35.5,34.07,3.7,0.308,1047,
158,EucalyptusÊangophoroides,Eucalyptus angophroides,0.5914,0.2651,0.8054,2643,1346,2797,44.68,50.77,34.73,43.4,18.66,0.554,2262,
159,Eucalyptus muelleriana,Eucalyptus muelleriana,0.8129,1.1393,,3217,4032,,39.57,35.39,,37.48,7.89,0.976,3624,
160,Eucalyptus baueriana,Eucalyptus baueriana,0.1588,0.2602,0.2599,1126,1899,1400,70.91,72.98,53.87,65.92,15.91,0.226,1475,
161,Eucalyptus parramattensis subsp. parramattensis,Eucalyptus parramattensis subsp. parramattensis,0.251,0.4274,0.2634,1568,1577,1097,62.46,36.91,41.66,47.01,28.92,0.314,1414,
162,Eucalyptus strzeleckii,Eucalyptus strzeleckii subsp. _strzeleckii”,0.2581,0.1741,0.3017,1778,1687,1872,68.88,96.9,62.04,75.94,24.32,0.245,1779,
163,Eucalyptus beyeriana,Eucalyptus beyeriana,0.1931,0.2129,0.2564,1756,1797,2097,90.96,84.39,81.78,85.71,5.52,0.221,1883,
164,Eucalyptus parvula,Eucalyptus parvula,0.0204,0.0255,0.0221,150,167,148,73.5,65.44,67.15,68.7,6.18,0.023,155,
165,Eucalyptus maidenii,Eucalyptus maidenii,1.1385,1.3222,,4192,4651,,36.82,35.18,,36,3.23,1.23,4422,
166,Eucalyptus badjensis,Eucalyptus badjensis,0.3568,0.2157,0.1448,2099,1348,684,58.83,62.51,47.2,56.18,14.22,0.239,1377,
167,Eucalyptus alligatrix subsp. limaensis,Eucalyptus alligatrix subsp. limaensis,0.3355,0.5964,,1493,2454,,44.5,41.15,,42.82,5.54,0.466,1974,
168,Eucalyptus wilcoxii,Eucalyptus wilcoxii,0.1535,0.1692,0.2065,828,836,1033,53.94,49.39,50.03,51.12,4.82,0.176,899,
169,Eucalyptus pseudoglobulus,Eucalyptus pseudoglobulus,1.5134,1.3422,,,,,0,0,#DIV/0!,#DIV/0!,#DIV/0!,1.428,#DIV/0!,
170,Eucalyptus nitens,Eucalyptus nitens,0.6298,0.6301,,3271,2972,,51.94,47.17,,49.55,6.81,0.63,3122,
171,Eucalyptus tereticornis subsp. mediana,Eucalyptus tereticornis subsp. mediana,1.1043,0.4216,,3496,1834,,31.66,43.5,,37.58,22.28,0.763,2665,
172,Eucalyptus longifolia,Eucalyptus longifolia,1.1075,1.1253,,3566,3539,,32.2,31.45,,31.82,1.66,1.116,3553,
173,Eucalyptus camphora subsp. humeana,Eucalyptus camphora subsp. humeana,0.6218,0.4472,0.2766,3803,2800,1559,61.16,62.61,56.36,60.04,5.44,0.449,2720,
174,Eucalyptus splendens subsp. arcana,Eucalyptus splendens subsp. arcana,0.3841,0.2973,0.3638,2512,,2505,65.4,,68.86,67.13,3.64,0.348,2509,
175,Eucalyptus globulus,Eucalyptus globulus (vic),1.0251,0.8247,,4185,3977,,40.83,48.22,,44.52,11.75,0.925,4081,
176,Eucalyptus calcicola subsp. calcicola,Eucalyptus calcicola subsp. calcicola,0.3076,0.205,0.3655,1560,987,,50.7,48.16,,49.43,3.63,0.293,1273,
177,Eucalyptus robertsonii subsp. robertsonii,Eucalyptus robertsonii subsp. robertsonii,0.1473,0.1915,0.2131,962,1330,1412,65.31,69.46,66.26,67.01,3.24,0.184,1235,
178,Eucalyptus cephalocarpa,Eucalyptus cephalocarpa,0.3086,0.5558,0.5363,1476,2539,2413,47.83,45.68,45,46.17,3.2,0.467,2143,
179,Eucalyptus lucasii,Eucalyptus lucasii,0.5298,0.5221,0.4951,2206,2149,1511,41.64,41.16,30.51,37.77,16.66,0.516,1955,
180,Eucalyptus hypolaena,Eucalyptus hypolaena,0.2139,0.2223,0.2673,700,677,905,32.73,30.47,33.86,32.35,5.34,0.235,761,
181,Eucalyptus canescens subsp. Canescens,E.canescens subsp.. Canescens,0.5773,1.1339,0.5026,1738,3038,1132,30.11,26.79,22.52,26.47,14.36,0.738,1969,
182,Eucalyptus nigrifunda,Eucalyptus nigrifunda,0.1493,0.4869,0.1692,514,1571,548,34.43,32.26,32.39,33.03,3.69,0.268,878,
183,Eucalyptus xerothermica,Eucalyptus xerothermica,0.4712,0.3303,0.3956,1656,1197,1449,35.14,36.25,36.62,36,2.13,0.399,1434,
184,NA,Eucalyptus minigwalica = aff leptophylla,0.1257,0.1311,0.1252,359,384,366,28.54,29.31,29.26,29.03,1.48,0.127,370,
185,Eucalyptus porosa,Eucalyptus porosa,0.1429,0.1809,0.1304,641,852,624,44.84,47.1,47.82,46.58,3.33,0.151,705,
186,Eucalyptus articulata,Eucalyptus articulata,0.3034,0.262,0.3118,871,,894,28.71,,28.67,28.69,0.09,0.292,883,
187,Eucalyptus jutsonii,Eucalyptus jutsonii,0.1064,0.0994,0.0982,289,328,322,27.17,33.03,32.82,31.01,10.73,0.101,313,
188,Eucalyptus transcontinentalis,Eucalyptus transcontinentalis,0.214,0.2058,0.4552,595,556,1217,27.79,27.01,26.73,27.18,2.01,0.292,789,
189,Eucalyptus leucophloia subsp. leucophloia,Eucalyptus leucophloia subsp. leucophloia,0.8805,0.4128,0.6501,2681,1270,1983,30.44,30.76,30.5,30.57,0.56,0.648,1978,
190,Eucalyptus surgens,Eucalyptus surgens,0.2046,0.1602,0.1802,728,569,648,35.6,35.53,35.94,35.69,0.62,0.182,648,
191,Eucalyptus stoatei,Eucalyptus stoatei,1.0417,0.3896,0.3601,1810,1102,1031,17.38,28.28,28.63,24.76,25.84,0.597,1314,
192,Eucalyptus dolichorhyncha,Eucalyptus dolichorhyncha,0.8978,0.1929,0.5025,1671,515,1059,18.61,26.68,21.07,22.12,18.7,0.531,1081,
193,Eucalyptus platypus subsp. Platypus,Eucalyptus platypus subsp.. Platypus,0.5039,0.1473,0.8491,1339,418,1704,26.57,28.35,20.07,25,17.43,0.5,1154,
194,NA,Eucalyptus brachyphylla (loxophleba subsp.. Lissophloia x,0.3849,0.1761,0.2137,1094,705,553,28.43,40.03,25.88,31.45,23.99,0.258,784,
195,Eucalyptus cneorifolia,Eucalyptus cneorifolia,0.0865,0.2596,0.1359,274,626,368,31.72,24.11,27.08,27.64,13.87,0.161,423,
196,Eucalyptus celastroides subsp. celastroides,Eucalyptus celastroides subsp. celastroides,0.6597,0.5223,0.3363,1771,1534,1224,26.84,29.37,36.4,30.87,16.04,0.506,1510,
197,NA,Eucalyptus goniocalyx subsp.. Saxicola,0.9619,0.8225,,4707,3794,,48.93,46.13,,47.53,4.18,0.892,4251,
198,Eucalyptus youngiana,Eucalyptus youngiana,0.6866,1.1822,0.7718,2001,3372,2239,29.15,28.52,29.01,28.89,1.13,0.88,2537,
199,Eucalyptus leucoxylon subsp. Megalocarpa,Eucalyptus leucoxylon subsp.. Megalocarpa,0.7423,0.5086,0.7577,3354,2442,3576,45.18,48.01,47.2,46.8,3.11,0.67,3124,
200,Eucalyptus leptophylla,Eucalyptus leptophylla,0.0785,0.0575,0.0638,275,209,219,35.03,36.37,34.37,35.26,2.88,0.067,234,
201,Eucalyptus rigidula,Eucalyptus rigidula Corrigin,0.1699,0.1211,0.1221,455,307,374,26.78,25.35,30.66,27.6,9.95,0.138,379,
202,Eucalyptus gracilis,Eucalyptus gracilis,0.1012,0.0933,0.1048,397,291,305,39.23,31.19,29.1,33.17,16.12,0.1,331,
203,Eucalyptus leucoxylon subsp. Pruinosa,Eucalyptus leucoxylon subsp.. Pruinosa (SA),0.177,0.2048,0.0447,945,1027,252,53.39,50.15,56.38,53.3,5.84,0.142,741,
204,Eucalyptus intertexta,Eucalyptus intertexta (SA),0.1437,0.1791,0.177,638,795,816,44.4,44.39,46.1,44.96,2.19,0.167,750,
205,Eucalyptus alligatrix subsp. Miscella,Eucalyptus alligatrix subsp.. Miscella,0.203,0.1801,0.1652,1081,1042,1067,53.25,57.86,64.59,58.57,9.74,0.183,1063,
206,Eucalyptus morrisii,Eucalyptus morrisii,0.1533,0.3391,0.4242,519,1264,1636,33.86,37.28,38.57,36.57,6.66,0.306,1140,
207,Eucalyptus melanophloia,Eucalyptus melanophlois subsp.. Melanophloia,0.2048,0.2855,0.5301,934,1854,3323,45.62,64.94,62.69,57.75,18.29,0.34,2037,
208,Eucalyptus moluccana,Eucalyptus moluccana (queenslandica),1.9304,1.8703,0.6595,5189,5208,1976,26.88,27.84,29.97,28.23,5.59,1.487,4124,
209,Eucalyptus nicholii,Eucalyptus nicholii,0.0703,0.0676,0.0945,392,394,487,55.76,58.26,51.51,55.17,6.19,0.077,424,
210,Eucalyptus goniocalyx subsp. exposa,Eucalyptus goniocalyx subsp. exposa,0.232,0.2856,0.1738,1055,1333,797,45.46,46.68,45.84,45.99,1.36,0.23,1061,
211,Eucalyptus blakelyi,Eucalyptus blakelyi,0.4424,0.5034,,2849,3163,,64.4,62.83,,63.62,1.74,0.473,3006,
212,Eucalyptus dealbata,Eucalyptus dealbata,0.3659,0.2234,0.519,1940,1191,2196,53.02,53.31,42.31,49.55,12.65,0.369,1776,
213,Eucalyptus kabiana,Eucalyptus kabiana,0.1659,0.231,0.1649,886,1348,1020,53.41,58.35,61.86,57.87,7.34,0.187,1085,
214,Eucalyptus acaciiformis,Eucalyptus acaciiformis,0.4879,0.2837,,2051,1327,,42.04,46.78,,44.41,7.54,0.386,1689,
215,Eucalyptus banksii,Eucalyptus banksii,0.5259,0.4303,0.5375,1972,1987,2214,37.5,46.19,41.18,41.62,10.48,0.498,2058,
216,Eucalyptus sparsifolia,Eucalyptus sparsifolia,0.6988,0.7664,0.5861,2495,3002,2235,35.71,39.18,38.14,37.67,4.72,0.684,2578,
217,Eucalyptus smithii,Eucalyptus smithii,0.2454,0.3794,0.2586,1939,2531,2007,79,66.71,77.63,74.45,9.04,0.294,2159,
218,Eucalyptus glaucescens,Eucalyptus glaucescens,0.2657,0.3636,0.2569,1226,1631,1336,46.14,44.86,52,47.67,7.99,0.295,1398,
219,Eucalyptus consideniana,Eucalyptus consideniana,0.3814,0.4391,0.5419,1925,1812,2437,50.47,41.27,44.97,45.57,10.16,0.454,2058,
220,Eucalyptus prava,Eucalyptus prava,0.371,0.5387,0.342,2010,2571,1692,54.17,47.73,49.47,50.46,6.6,0.417,2091,
221,Eucalyptus amplifolia subsp. sessiliflora,Eucalyptus amplifolia subsp. sessiliflora,0.3316,0.4028,0.3024,1581,2205,1489,47.67,54.75,49.25,50.56,7.35,0.346,1758,
222,NA,Eucalyptus psammatica,0.5028,0.6706,0.4634,2334,3161,2281,46.43,47.14,49.23,47.6,3.06,0.546,2592,
223,Eucalyptus baileyana,Eucalyptus baileyana (NSW),0.5232,0.4026,0.7896,1776,1511,3770,33.95,37.52,47.74,39.74,18.01,0.572,2352,
224,Eucalyptus notabilis,Eucalyptus notabilis,,,,,,,#DIV/0!,#DIV/0!,#DIV/0!,#DIV/0!,#DIV/0!,#DIV/0!,#DIV/0!,
225,Eucalyptus amplifolia subsp. amplifolia,Eucalyptus amplifolia subsp. amplifolia,1.1328,0.5137,1.1514,4651,2060,4741,41.06,40.11,41.18,40.78,1.43,0.933,3818,
226,Corymbia eximia,Corymbia eximia,0.4184,0.4244,0.2439,1878,1817,1182,44.88,42.8,48.47,45.39,6.32,0.362,1626,
227,Eucalyptus pumila,Eucalyptus pumila,0.5635,0.3811,0.3431,2306,2081,1514,40.92,54.6,44.14,46.55,15.36,0.429,1967,
228,Eucalyptus panda,Eucalyptus panda,0.2493,0.8464,0.4659,1518,3001,2844,60.88,35.45,61.04,52.46,28.07,0.521,2454,
229,Corymbia bunites,Corymbia bunites,0.3503,0.2884,1.1239,2098,1679,5721,59.9,58.21,50.9,56.34,8.48,0.588,3166,
230,Corymbia intermedia,Corymbia intermedia,0.2867,0.2858,0.3918,1848,1648,2566,64.45,57.66,65.49,62.53,6.8,0.321,2021,
231,Corymbia citriodora,Corymbia citriodora,0.4087,0.3231,0.2345,2429,2220,1641,59.43,68.71,69.98,66.04,8.72,0.322,2097,
232,Eucalyptus disclusa,Eucalyptus disclusa,0.2455,0.3008,0.2701,1356,1725,1507,55.23,57.35,55.79,56.13,1.95,0.272,1529,
234,Eucalyptus quadrangulata,Eucalyptus quadrangulata,0.1378,0.0931,0.1531,673,471,691,48.84,50.59,45.13,48.19,5.78,0.128,612,
235,Eucalyptus mannifera,Eucalyptus mannifera (gullickii),0.3206,0.2696,0.2355,1929,1692,1571,60.17,62.76,66.71,63.21,5.21,0.275,1731,
236,Eucalyptus planchoniana,Eucalyptus planchoniana,0.8574,0.9148,,3217,3844,,37.52,42.02,,39.77,8,0.886,3531,
237,Corymbia watsoniana subsp. watsoniana,Corymbia watsoniana subsp. watsoniana,0.7661,0.9041,0.7811,3151,3745,2915,41.14,41.42,37.32,39.96,5.74,0.817,3270,
238,Corymbia bloxsomei,Corymbia bloxsomei,0.4514,0.3113,0.4231,2103,1506,2378,46.59,48.36,56.2,50.38,10.16,0.395,1996,
239,Eucalyptus parramattensis subsp. decadens,Eucalyptus parramattensis subsp. decadens,0.5624,0.4948,0.1827,2097,1993,766,37.28,40.28,41.94,39.84,5.93,0.413,1619,
240,Corymbia catenaria,Corymbia catenaria,1.0861,0.5399,0.6156,5579,2743,2885,51.37,50.8,46.86,49.68,4.95,0.747,3736,
241,Eucalyptus cloeziana,Eucalyptus cloeziana,0.1144,0.1245,0.155,874,932,893,76.41,74.88,57.58,69.62,15.02,0.131,900,
242,Eucalyptus macrorhyncha subsp. cannonii,Eucalyptus macrorhyncha subsp. cannonii,0.3809,0.5135,0.3777,1600,1974,1401,42.02,38.44,37.11,39.19,6.48,0.424,1659,
243,Eucalyptus rossii,Eucalyptus rossii Pyramul,0.2366,0.3982,0.358,1553,2211,1925,65.66,55.53,53.78,58.32,11,0.331,1897,
244,Eucalyptus nova-anglica,Eucalyptus nova-anglica,0.4761,0.4819,0.3116,3131,2961,1976,65.77,61.45,63.42,63.55,3.4,0.423,2690,
245,Eucalyptus laevopinea,Eucalyptus laevopinea,0.5408,0.5416,0.3766,2952,3133,2185,54.58,57.85,58.03,56.82,3.42,0.486,2757,
246,Eucalyptus nobilis,Eucalyptus nobilis,0.8123,0.5323,0.2412,3943,2789,1382,48.54,52.39,57.29,52.74,8.32,0.529,2704,
247,Eucalyptus latisinensis,Eucalyptus latisinensis,0.4119,1.0274,0.6037,2314,5037,3065,56.17,49.03,50.78,51.99,7.16,0.681,3472,
248,NA,Eucalyptus mickieana,1.0374,0.8013,,4286,3372,,41.31,42.08,,41.7,1.3,0.919,3829,
249,Eucalyptus hallii,Eucalyptus hallii,0.3671,0.4935,0.3305,1680,2719,1685,45.77,55.09,50.99,50.62,9.23,0.397,2028,
250,NA,Eucalyptus ralla,0.2025,0.1854,0.0871,957,791,521,47.26,42.68,59.81,49.92,17.76,0.158,756,
251,Eucalyptus lacrimans,Eucalyptus lacrimans,0.7849,0.3643,1.0678,1979,983,2981,25.21,26.99,27.92,26.71,5.14,0.739,1981,
252,Corymbia hendersonii,Corymbia hendersonii,0.3689,0.2243,0.2985,1811,1059,1377,49.09,47.23,46.12,47.48,3.17,0.297,1416,
253,Eucalyptus imitans,Eucalyptus imitans,0.465,1.0259,,1710,3143,,36.77,30.64,,33.71,12.88,0.745,2427,
254,Eucalyptus vicina,Eucalyptus vicina,0.1072,0.239,0.2074,469,902,754,43.75,37.74,36.35,39.28,10.01,0.185,708,
255,Eucalyptus oblonga,Eucalyptus oblonga,0.3323,0.2952,0.3708,1112,950,1145,33.46,32.18,30.88,32.17,4.02,0.333,1069,
256,Eucalyptus interstans,Eucalyptus interstans,0.284,0.3821,0.2738,1737,2330,1617,61.16,60.98,59.06,60.4,1.93,0.313,1895,
257,Eucalyptus bridgesiana,Eucalyptus bridgesiana,0.1808,0.2343,0.2213,866,1267,1141,47.9,54.08,51.56,51.18,6.07,0.212,1091,
258,Eucalyptus michaeliana,Eucalyptus michaeliana,0.5068,0.1695,0.2909,2360,822,1757,46.57,48.5,60.4,51.82,14.46,0.322,1646,
259,Eucalyptus retinens,Eucalyptus retinens,0.8828,0.429,1.304,3095,1324,4671,35.06,30.86,35.82,33.91,7.87,0.872,3030,
260,Eucalyptus capitellata,Eucalyptus capitellata,0.7642,0.5806,,3002,2588,,39.29,44.57,,41.93,8.91,0.672,2795,
261,Eucalyptus williamsiana,Eucalyptus williamsiana,0.7338,0.418,1.0504,1813,1175,2656,24.71,28.11,25.29,26.03,6.99,0.734,1881,
262,Eucalyptus yumbarrana,Eucalyptus yumbarrana,1.1859,1.3491,1.0609,2341,2563,2299,19.74,19,21.67,20.14,6.85,1.199,2401,
263,Eucalyptus minniritchi,Eucalyptus minniritchi,0.3491,0.3111,0.3844,1074,862,1036,30.76,27.71,26.95,28.47,7.09,0.348,991,
264,Eucalyptus prominens,Eucalyptus prominens,0.3851,0.2567,0.1399,1112,846,429,28.88,32.96,30.66,30.83,6.63,0.261,796,
265,Eucalyptus kingsmillii,Eucalyptus kingsmillii subsp. alatissima,0.232,0.1891,0.3111,703,630,896,30.3,33.32,28.8,30.81,7.46,0.244,743,
266,NA,Eucalyptus nbrachycorys,0.271,0.2343,0.3326,752,758,880,27.75,32.36,26.45,28.85,10.76,0.279,797,
267,NA,Eucalyptus ravensthorpensis,0.24,0.2253,0.4912,954,972,1789,39.76,43.16,36.42,39.78,8.48,0.319,1238,
268,Eucalyptus pyriformis,Eucalyptus pryriformis,0.3325,0.3665,0.1818,881,1010,542,26.5,27.56,29.84,27.96,6.1,0.294,811,
269,Eucalyptus assimilans,Eucalyptus assimilans,1.4495,1.4537,1.999,2836,2661,3684,19.57,18.3,18.43,18.77,3.71,1.634,3060,
270,Eucalyptus urna,Eucalyptus urna,0.6912,0.8286,0.7755,1588,1887,1659,22.98,22.77,21.39,22.38,3.87,0.765,1711,
271,Eucalyptus cretata,Eucalyptus cretata,1.3233,0.6081,0.5715,3237,1426,1313,24.47,23.45,22.97,23.63,3.23,0.834,1992,
272,Eucalyptus vegrandis subsp. recondita,Eucalyptus vegrandis subsp. reconfita,0.2616,0.2531,0.2365,610,572,522,23.32,22.6,22.07,22.66,2.76,0.25,568,
273,Eucalyptus sepulcralis,Eucalyptus sepulcralis,0.279,0.1678,0.0905,969,608,350,34.73,36.23,38.67,36.55,5.44,0.179,642,
274,Eucalyptus moderata,Eucalyptus moderata Dowerin,0.235,0.3982,0.3646,828,992,1245,35.24,24.91,34.15,31.43,18.05,0.333,1022,
275,Eucalyptus insularis,Eucalyptus insularis,0.0115,0.0125,0.013,80,89,97,69.54,71.48,74.93,71.98,3.79,0.012,89,
276,Eucalyptus socialis subsp. socialis,Eucalyptus socialis subsp. socialis,0.2748,0.3278,0.3053,832,950,990,30.26,28.99,32.42,30.56,5.69,0.303,924,
277,Eucalyptus flocktoniae subsp. hebes,Eucalyptus flocktoniae subsp. hebes,0.7362,0.2841,0.4572,1574,659,983,21.38,23.19,21.5,22.02,4.59,0.493,1072,
278,Eucalyptus oxymitra,Eucalyptus oxymitra,0.2217,0.1104,0.1219,609,344,,27.47,31.16,,29.31,8.9,0.151,477,
279,Eucalyptus gillenii,Eucalyptus gillenii (SA),0.3509,0.2575,0.2728,1459,1073,1104,41.57,41.67,40.46,41.23,1.63,0.294,1212,
280,Corymbia eremaea subsp. Eremaea,Corymbia eremaea subsp. eremaea (SA),0.3293,0.3599,0.3479,1268,1261,1376,38.51,35.03,39.55,37.69,6.27,0.346,1302,
281,Eucalyptus percostata,Eucalyptus percostata,0.4905,0.387,0.4215,1226,1185,1017,24.99,30.62,24.13,26.58,13.26,0.433,1143,
282,Eucalyptus diversifolia subsp. hesperia,Eucalyptus diversifolia subsp. hesperia,0.2546,0.3436,0.3213,825,1184,1063,32.4,34.46,33.08,33.32,3.14,0.307,1024,
283,Eucalyptus incrassata,Eucalyptus incrassata,0.4118,0.6895,0.4747,1172,1496,1524,28.46,21.7,32.1,27.42,19.26,0.525,1397,
284,Eucalyptus neutra,Eucalyptus neutra,0.3666,0.4035,0.4666,1023,1012,1195,27.92,25.07,25.62,26.2,5.77,0.412,1077,
285,Eucalyptus cadens,Eucalyptus cadens,0.2013,0.1279,0.0737,1053,719,395,52.32,56.21,53.6,54.04,3.67,0.134,722,
286,Eucalyptus goniantha subsp. goniantha,Eucalyptus goniantha subsp. goniantha,0.4992,0.9936,,2044,3700,,40.95,37.24,,39.09,6.71,0.746,2872,
287,Eucalyptus arenacea,Eucalyptus arenacea,0.3477,0.4826,0.5009,1200,1683,1786,34.5,34.87,35.66,35.01,1.69,0.444,1556,
288,Eucalyptus flocktoniae subsp. flocktoniae,Eucalyptus flocktoniae subsp. flocktoniae,0.4278,0.2734,0.1916,1154,623,583,26.97,22.79,30.42,26.73,14.31,0.298,787,
289,Eucalyptus fasciculosa,Eucalyptus fasciculosa _south east”,0.3077,0.4123,0.3516,1301,1810,1665,42.28,43.9,47.35,44.51,5.82,0.357,1592,
290,NA,Eucalyptus unita,0.2461,0.2376,0.2266,1066,1056,967,43.31,44.43,42.67,43.47,2.05,0.237,1030,
291,Eucalyptus odorata,Eucalyptus ordorata,,,,,,,#DIV/0!,#DIV/0!,#DIV/0!,#DIV/0!,#DIV/0!,#DIV/0!,#DIV/0!,
292,Eucalyptus latens,Eucalyptus latens,0.0526,0.0537,0.0401,,167,136,,31.09,33.92,32.5,6.14,0.049,151,
293,Eucalyptus cooperiana,Eucalyptus cooperiana,0.4858,0.6548,,1490,1807,,30.67,27.6,,29.13,7.46,0.57,1649,
294,Eucalyptus tricarpa,Eucalyptus tricarpa,0.249,0.3686,0.2386,1157,1767,,46.47,47.94,,47.2,2.21,0.285,1462,
295,Eucalyptus peninsularis,Eucalyptus peninsularis,0.4595,0.7876,0.7108,1870,2843,2419,40.69,36.1,34.04,36.94,9.22,0.653,2377,
296,Eucalyptus pluricaulis subsp. pluricaulis,Eucalyptus pluricaulis subsp. pluricaulis,0.2396,0.2405,0.1539,716,695,459,29.88,28.9,29.82,29.54,1.87,0.211,623,
297,Eucalyptus aspersa,Eucalyptus aspersa,0.4461,0.3431,0.4845,1502,1399,1486,33.67,40.78,30.67,35.04,14.81,0.425,1462,
298,Eucalyptus caliginosa,Eucalyptus caliginosa,0.3826,0.4279,0.7028,1412,,2348,36.91,,33.41,35.16,7.03,0.504,1880,
299,NA,Eucalyptus hauseana,0.442,0.5721,,3269,4454,,73.96,77.85,,75.91,3.63,0.507,3862,
300,Eucalyptus socialis subsp. victoriensis,Eucalyptus socialias subsp. viridiflora,0.1902,0.1443,0.2042,546,493,569,28.69,34.14,27.87,30.23,11.27,0.18,536,
301,NA,Eucalyptus drummondii subsp. _glauciflora”,0.3942,0.3177,0.2135,1392,1162,852,35.32,36.57,39.89,37.26,6.34,0.308,1135,
302,Corymbia maculata,Corymbia maculata,0.7717,0.8021,,4117,4158,,53.35,51.83,,52.59,2.03,0.787,4137,
303,NA,Eucalyptus splendens subsp. splendens,0.2072,0.2309,,1240,1240,,59.86,53.72,,56.79,7.65,0.219,1240,
304,Eucalyptus botryoides,Eucalyptus botryoides,0.7308,0.8894,0.423,2946,4109,1798,40.31,46.19,42.51,43.01,6.91,0.681,2951,
305,Eucalyptus pachycalyx subsp. pachycalyx,E.pachycalyx subsp. pachycalyx,0.2151,0.2462,0.3611,957,1099,1192,44.48,44.65,33.01,40.71,16.39,0.274,1083,
306,Eucalyptus viminalis subsp. pryoriana,Eucalyptus viminalis subsp. pryoriana,0.2912,0.2216,0.3165,1092,940,1184,37.51,42.42,37.42,39.11,7.31,0.276,1072,
307,Eucalyptus crenulata,Eucalyptus crenulata,0.1244,0.0898,0.1293,919,698,960,73.84,77.7,74.24,75.26,2.82,0.115,859,
308,NA,Eucalyptus msckintii,1.7007,1.0168,,5708,3316,,33.56,32.61,,33.09,2.03,1.359,4512,
309,Eucalyptus spectatrix,Eucalyptus spectatrix,0.7119,0.4175,0.3144,2013,1234,918,28.27,29.55,29.2,29.01,2.28,0.481,1388,
315,Eucalyptus obtusiflora subsp. obtusiflora,Eucalyptus ostusidlora subsp. obtusiflora,0.5658,0.3411,0.4506,1781,1111,1466,31.48,32.56,32.53,32.19,1.92,0.453,1452,
316,Eucalyptus loxophleba subsp. supralaevis,Eucalyptus loxophleba subsp. supralaevis,0.2396,0.1499,,902,898,640,37.63,59.88,,48.76,32.26,0.195,813,
317,NA,Eucalyptus sargentii subsp. fallens,0.1812,0.1216,0.1696,558,418,469,30.8,34.39,27.64,30.94,10.92,0.157,482,
318,Eucalyptus pilbarensis,Eucalyptus pibaraensis,0.3493,0.3167,0.2076,1083,1232,755,31.01,38.91,36.36,35.43,11.37,0.291,1023,
319,Eucalyptus ultima,Eucalyptus ultima,0.1135,0.1532,0.0854,402,521,326,35.41,34.02,38.22,35.88,5.96,0.117,417,
320,Eucalyptus foecunda,Eucalyptus foecunda,0.1099,0.1039,0.0873,517,463,415,47.06,44.57,47.55,46.39,3.45,0.1,465,
321,Eucalyptus mannensis subsp. vespertina,Eucalyptus mannensis subsp. vespertina,0.3469,0.3228,0.3605,1245,1104,1413,35.9,34.19,39.19,36.43,6.97,0.343,1254,
322,Eucalyptus celastroides subsp. virella,Eucalyptus celastroides subsp. virella,,,,,,,#DIV/0!,#DIV/0!,#DIV/0!,#DIV/0!,#DIV/0!,#DIV/0!,#DIV/0!,
323,Eucalyptus georgei subsp. georgei,Eucalyptus georgei subsp. georgei,,,,,,,#DIV/0!,#DIV/0!,#DIV/0!,#DIV/0!,#DIV/0!,#DIV/0!,#DIV/0!,
324,Corymbia tessellaris,Corymbia  tessellaris,,,,,,,#DIV/0!,#DIV/0!,#DIV/0!,#DIV/0!,#DIV/0!,#DIV/0!,#DIV/0!,
325,Eucalyptus oleosa subsp. corvina,Eucalyptus oleosa subsp. corvina,,,,,,,#DIV/0!,#DIV/0!,#DIV/0!,#DIV/0!,#DIV/0!,#DIV/0!,#DIV/0!,
326,Eucalyptus victrix,Eucalyptus victrix,,,,,,,#DIV/0!,#DIV/0!,#DIV/0!,#DIV/0!,#DIV/0!,#DIV/0!,#DIV/0!,
328,Eucalyptus roycei,Eucalyptus roycei,,,,,,,#DIV/0!,#DIV/0!,#DIV/0!,#DIV/0!,#DIV/0!,#DIV/0!,#DIV/0!,
329,Eucalyptus dumosa,Eucalyptus dumosa _subditiva”,,,,,,,#DIV/0!,#DIV/0!,#DIV/0!,#DIV/0!,#DIV/0!,#DIV/0!,#DIV/0!,
330,Eucalyptus calycogona subsp. spaffordii,Eucalyptus calycogona subsp. spaffordii,,,,,,,#DIV/0!,#DIV/0!,#DIV/0!,#DIV/0!,#DIV/0!,#DIV/0!,#DIV/0!,
331,Eucalyptus calycogona subsp. spaffordii,,0.4145,0.3315,0.3822,1090,909,965,26.31,27.42,25.25,26.32,4.12,0.376,988,
332,Eucalyptus hamersleyana,Eucalyptus hamersleyana,0.4184,0.5716,0.5935,1254,1451,1631,29.96,25.39,27.48,27.61,8.28,0.528,1445,
333,Eucalyptus discreta,Eucalyptus discreta subsp. _discreta”,0.1791,0.3169,0.2521,539,848,740,30.07,26.75,29.33,28.72,6.08,0.249,709,
334,Eucalyptus micranthera,Eucalyptus micranthera,0.6438,0.4129,0.3806,1549,1123,1091,24.07,27.2,28.68,26.65,8.83,0.479,1255,
335,Eucalyptus uncinata,Eucalyptus uncinata subsp. _dendra”,0.2445,0.2738,0.1886,260,796,609,10.64,29.06,32.29,23.99,48.67,0.236,555,
336,Eucalyptus repullulans,Eucalyptus repullulans,1.2263,0.8104,0.8823,2977,1984,2266,24.28,24.48,25.69,24.82,3.07,0.973,2409,
337,Eucalyptus laeliae,Eucalyptus laeliae,0.3664,0.4601,0.2384,1649,1833,1128,45.01,39.84,47.32,44.06,8.7,0.355,1537,
338,Eucalyptus cyanophylla,Eucalyptus cyanophylla,0.5025,0.7704,1.2111,1359,2031,3193,27.04,26.36,26.36,26.59,1.47,0.828,2194,
339,Eucalyptus odorata,Eucalyptus ordorata _Boston Island”,,,,,,,#DIV/0!,#DIV/0!,#DIV/0!,#DIV/0!,#DIV/0!,#DIV/0!,#DIV/0!,
340,Eucalyptus normantonensis,Eucalyptus normantonensis _WA”,,,,,,,#DIV/0!,#DIV/0!,#DIV/0!,#DIV/0!,#DIV/0!,#DIV/0!,#DIV/0!,
341,Eucalyptus litorea,Eucalyptus litorea,1.0599,0.2736,0.8795,2964,951,2663,27.97,34.75,30.28,31,11.12,0.738,2193,
342,Eucalyptus creta,Eucalyptus creta,0.3519,0.6244,0.3252,1001,1201,973,28.43,19.23,29.92,25.86,22.4,0.434,1058,
343,Eucalyptus kessellii subsp. kessellii,Eucalyptus kessellii subsp. kessellii,0.6124,1.5071,1.7755,1946,2929,3575,31.78,19.44,20.14,23.78,29.15,1.298,2817,
344,Eucalyptus extrica,Eucalyptus extrica,0.4634,0.3811,,1400,1242,,30.22,32.6,,31.41,5.35,0.422,1321,
345,Eucalyptus victrix,Eucalyptus victrix,0.5865,0.5499,0.6218,2061,2185,2374,35.15,39.73,38.17,37.68,6.18,0.586,2207,
346,NA,Eucalyptus accendens,0.2128,0.371,0.2593,725,1079,1009,34.06,29.09,38.93,34.02,14.46,0.281,938,
347,Eucalyptus normantonensis,Eucalyptus normantonensis _NT”,0.3016,0.3332,0.6182,1024,1156,1803,33.94,34.68,29.17,32.6,9.17,0.418,1328,
348,Corymbia eremaea subsp. oligocarpa,Corymbia eremaea subsp. oligocarpa,0.2838,0.2514,0.1827,1005,907,635,35.41,36.09,34.75,35.41,1.89,0.239,849,
349,Eucalyptus largiflorens,Eucalyptus lardiflorens,0.1445,0.2299,0.282,673,978,1144,46.59,42.55,40.58,43.24,7.08,0.219,932,
350,Eucalyptus ceratocorys,Eucalyptus ceratocorys (capitanea),1.3802,1.0691,1.006,2219,1128,1441,16.07,10.55,14.33,13.65,20.67,1.152,1596,
351,Eucalyptus rudis subsp. cratyantha,Eucalyptus rudis subsp. cratyantha,0.1731,0.1858,,1011,,,58.4,0,#DIV/0!,#DIV/0!,#DIV/0!,0.179,1011,
352,NA,Eucalyptus drummondii subsp. drummondii,0.184,0.183,0.1481,766,670,564,41.61,36.59,38.08,38.76,6.66,0.172,666,
353,Eucalyptus hypochlamydea,Eucalyptus hypochlamydea,0.0561,0.046,0.1153,187,166,410,33.4,36.17,35.54,35.03,4.14,0.072,254,
354,Eucalyptus absita,Eucalyptus absita,0.3637,0.2459,0.287,2081,1135,1380,57.21,46.17,48.09,50.49,11.69,0.299,1532,
355,Eucalyptus ovularis,Eucalyptus ovularis,0.159,0.0821,0.0738,513,263,286,32.27,32,38.7,34.32,11.05,0.105,354,
356,Eucalyptus xerothermica,Eucalyptus xerothermica,0.6168,0.5623,0.2198,2145,2082,703,34.78,37.02,31.97,34.59,7.31,0.466,1643,
357,Eucalyptus gomphocephala,Eucalyptus gomphocaphala,0.3919,0.6301,0.5205,2152,2954,2567,54.92,46.89,49.32,50.37,8.18,0.514,2558,
358,Eucalyptus sporadica,Eucalyptus sporadica,0.3068,0.2569,0.5275,920,791,1331,30,30.8,25.24,28.68,10.49,0.364,1014,
359,Eucalyptus rudis subsp. rudis,Eucalyptus rudis subsp. rudis,0.332,0.3632,0.1985,2281,2095,1256,68.7,57.68,63.29,63.22,8.72,0.298,1877,
360,Eucalyptus remota,Eucalyptus remota,0.2535,0.5744,0.5495,891,2235,2120,35.17,38.91,38.57,37.55,5.51,0.459,1749,
361,Eucalyptus arborella,Eucalyptus arborella,0.0965,0.1465,0.12,422,668,572,43.76,45.6,47.69,45.68,4.3,0.121,554,
362,Eucalyptus calycogona subsp. Calycogona,Eucalyptus calycogona subsp. calycogona WA,0.1859,0.1137,0.142,524,325,425,28.2,28.62,29.95,28.92,3.16,0.147,425,
363,Eucalyptus densa subsp. densa,Eucalyptus densa subsp. densa,0.2152,0.1401,0.2133,738,478,730,34.31,34.1,34.24,34.22,0.31,0.19,649,
364,Eucalyptus deflexa,Eucalyptus deflexa,0.1622,0.1565,0.1766,454,366,417,27.98,23.4,23.62,25,10.34,0.165,412,
365,Eucalyptus mimica subsp. continens,Eucalyptus mimica subsp. continens,0.1135,0.065,0.0666,302,182,190,26.56,27.93,28.58,27.69,3.71,0.082,224,
366,Eucalyptus staeri,Eucalyptus staeri,0.6898,0.6923,0.5946,1896,1764,1681,27.49,25.47,28.27,27.08,5.33,0.659,1780,
367,Eucalyptus megacarpa,Eucalyptus megacarpa,0.8387,0.7284,,4117,3362,,49.08,46.15,,47.62,4.35,0.784,3739,
368,Eucalyptus spathulata subsp. spathulata,Eucalyptus spathulata subsp. spathulata,0.1516,,0.1626,370,,419,24.38,,25.78,25.08,3.96,0.157,394,
369,Eucalyptus pluricaulis subsp. porphyrea,Eucalyptus pluricaulis subsp. porphorea,0.4073,0.3968,0.3828,1446,1375,1358,35.51,34.65,35.49,35.22,1.4,0.396,1393,
370,Eucalyptus camaldulensis subsp._camaldulensis,Eucalyptus camaldulennsis subsp. camaldulensis (KI),0.5394,0.2091,,2640,1080,,48.94,51.66,,50.3,3.82,0.374,1860,
371,Eucalyptus alaticaulis,Eucalyptus alaticaulis,0.2615,0.3342,0.9789,1153,1472,3109,44.11,44.04,31.76,39.97,17.8,0.525,1911,
372,Eucalyptus elaeophloia,Eucalyptus elaeophloia,0.4091,0.5405,0.1406,1284,1605,433,31.39,29.7,30.81,30.63,2.8,0.363,1108,
373,NA,Eucalyptus baeophylla = aff. Prominenes,0.1853,0.1366,0.1335,586,498,436,31.63,36.43,32.62,33.56,7.55,0.152,506,
374,Eucalyptus rhodantha,Eucalyptus rhodantha,0.7329,0.6299,0.6785,2507,2236,2863,34.2,35.5,42.2,37.3,11.5,0.68,2535,
375,Eucalyptus phenax subsp. phenax,Eucalyptus phenax subsp. phenax,1.0545,0.8622,,2195,2041,,20.82,23.67,,22.24,9.08,0.958,2118,
376,NA,Eucalyptus sturgissana,0.5901,0.579,0.5138,2450,2941,2219,41.52,50.79,43.19,45.17,10.95,0.561,2537,
377,Corymbia calophylla,Corymbia calophylla,0.6487,0.5499,,3550,3211,,54.72,58.4,,56.56,4.6,0.599,3381,
378,Eucalyptus denticulata,Eucalyptus denticulata,0.7569,1.1452,0.8617,2654,4429,2936,35.06,38.67,34.07,35.93,6.74,0.921,3339,
379,Eucalyptus ignorabilis,Eucalyptus ignorabilis,0.2782,0.185,0.2779,1537,1000,1544,55.25,54.03,55.57,54.95,1.48,0.247,1360,
380,Corymbia haematoxylon,Corymbia haematoxylon,0.4514,0.5785,0.401,2376,2921,2273,52.63,50.5,56.7,53.28,5.91,0.477,2524,
381,Eucalyptus scoparia,Eucalyptus scoparia,0.1136,0.0809,0.0869,768,550,591,67.6,68.02,68.07,67.9,0.38,0.094,637,
382,Eucalyptus obliqua,Eucalyptus obliqua (SA),0.3601,0.4595,0.59,1784,2127,2936,49.54,46.28,49.76,48.53,4.01,0.47,2282,
383,Eucalyptus angulosa,Eucalyptus angulosa,0.8711,0.8071,0.7357,1987,1907,1659,22.81,23.63,22.54,23,2.47,0.805,1851,
384,Eucalyptus quadrans,Eucalyptus quadrans,0.0669,0.0552,0.0504,152,196,202,22.79,35.5,40.01,32.77,27.24,0.058,183,
385,NA,Eucalyptus _incognita” = aff. Tephroides,0.5682,1.0677,0.4969,1983,3579,1714,34.9,33.52,34.49,34.3,2.06,0.711,2425,
386,Eucalyptus pachyphylla,Eucalyptus pachyphylla,,0.1662,,,382,,#DIV/0!,22.98,#DIV/0!,#DIV/0!,#DIV/0!,0.166,382,
387,Eucalyptus punctata,Eucalyptus punctata,0.4713,0.1537,0.173,1862,639,762,39.5,41.54,44.04,41.69,5.46,0.266,1087,
388,Eucalyptus petiolaris,Eucalyptus petiolaris _Yellow”,0.3069,0.264,0.2494,1199,1011,948,39.07,38.3,38.01,38.46,1.42,0.273,1053,
389,Eucalyptus phenax subsp. compressa,Eucalyptus phenax subsp. sompressa,0.7479,0.6328,0.435,1802,1559,1132,24.1,24.64,26.03,24.92,3.99,0.605,1498,
390,Eucalyptus diversifolia subsp. Diversifolia,Eucalyptus diversifolia subsp. diversifolia KI,0.4733,0.5754,0.475,1376,1571,1487,29.07,27.3,31.31,29.23,6.87,0.508,1478,
391,Eucalyptus viminalis subsp. cygnetensis,Eucalyptus viminalis subsp. cygnetensis,0.148,0.2983,0.3682,1120,1752,1876,75.67,58.74,50.94,61.79,20.46,0.272,1583,
392,NA,Eucalyptus fergusonii subsp. dorsiventralis,0.3466,0.2035,0.4328,1864,899,2178,53.78,44.16,50.32,49.42,9.86,0.328,1647,
393,Eucalyptus brevistylis,Eucalyptus brevistylis,0.1787,0.1696,0.1947,1295,1176,1679,72.49,69.34,86.23,76.02,11.81,0.181,1383,
394,Eucalyptus ovata var. ovata,Eucalyptus ovata var. ovata KI,0.7681,0.8667,0.9351,3144,3118,3612,40.93,35.98,38.62,38.51,6.43,0.857,3291,
422,Eucalyptus preissiana subsp. preissiana,Eucalyptus preissiana subsp. preissiana,2.2606,1.8324,,5080,5068,,22.47,27.66,,25.06,14.64,2.047,5074,
423,Eucalyptus benthamii,Eucalyptus baenthamii,0.344,0.352,0.2913,2096,2404,2113,60.93,68.3,72.55,67.26,8.74,0.329,2205,
424,NA,Eucalyptus _kynoura” = aff. Goniantha,1.8235,0.8917,,3642,2032,,19.97,22.79,,21.38,9.3,1.358,2837,
425,Eucalyptus preissiana subsp. lobata,Eucalyptus preissiana subsp. lobata,0.4743,0.3544,0.3282,1411,1009,926,29.74,28.47,28.21,28.81,2.84,0.386,1115,
426,Eucalyptus pachyloma,Eucalyptus pachyloma,0.2298,0.1565,0.1358,717,608,447,31.2,38.85,32.92,34.32,11.69,0.174,591,
427,Corymbia ficifolia,Corymbia ficifolia,0.1757,0.1719,0.0936,486,460,240,27.66,26.76,25.64,26.69,3.79,0.147,395,
428,Eucalyptus cinerea,Eucalyptus cinerea,0.3451,0.3742,0.415,1845,2194,2275,53.45,58.64,54.82,55.64,4.83,0.378,2105,
429,Corymbia calophylla,Corymbia calophylla,0.4819,0.3644,0.4529,1948,1854,1877,40.42,50.88,41.44,44.25,13.03,0.433,1893,
430,Eucalyptus occidentalis,Eucalyptus occidentalis,0.8225,0.9109,0.835,2468,2518,2371,30,27.64,28.4,28.68,4.21,0.856,2452,
431,Eucalyptus pleurocarpa,Eucalyptus pleurocarpa,1.4838,1.1462,,4056,2918,,27.34,25.46,,26.4,5.03,1.315,3487,
432,Eucalyptus proxima,Eucalyptus proxima,0.4217,0.2625,0.3847,,,,0,0,0,0,#DIV/0!,0.356,#DIV/0!,
433,Eucalyptus suberea,Eucalyptus suberea,0.6608,0.6336,0.677,2613,2460,2363,39.54,38.82,34.9,37.75,6.62,0.657,2478,
434,NA,Eucalyptus lanepoolei,0.1794,0.2002,0.2088,738,788,846,41.14,39.34,40.51,40.33,2.27,0.196,790,
435,Eucalyptus vegrandis subsp. vegrandis,Eucalyptus vegrandis subsp. vegrandis,0.1559,0.1668,0.1882,668,610,804,42.83,36.57,42.71,40.7,8.8,0.17,694,
436,Eucalyptus cernua,Eucalyptus cernua,0.3854,0.3241,0.3846,1118,830,981,29.01,25.62,25.51,26.71,7.44,0.365,976,
437,Eucalyptus cuprea,Eucalyptus cuprea,0.275,0.3517,0.3113,1120,1356,1327,40.73,38.54,42.63,40.63,5.03,0.313,1268,
438,Eucalyptus diminuta,Eucalyptus diminuta,,,,,,,#DIV/0!,#DIV/0!,#DIV/0!,#DIV/0!,#DIV/0!,#DIV/0!,#DIV/0!,
439,NA,Eucalyptus bicostata SA,1.0432,0.8958,,3704,3054,,35.5,34.09,,34.8,2.87,0.97,3379,
440,Eucalyptus tenera,Eucalyptus tenera,0.1124,0.1086,0.2946,369,347,635,32.87,31.92,21.57,28.79,21.77,0.172,451,
441,NA,Eucalyptus behriana subsp. _behriana” EP,1.1857,3.3181,,2545,5981,,21.46,18.03,,19.74,12.31,2.252,4263,
442,Eucalyptus platypus subsp. congregata,Eucalyptus platypus subsp. congregata,0.5708,0.4936,0.4891,1179,880,934,20.66,17.83,19.1,19.2,7.37,0.518,998,
443,Eucalyptus uncinata,Eucalyptus uncinata subsp. _uncinata”,0.1066,0.2224,0.1805,330,659,464,31,29.63,25.71,28.78,9.54,0.17,485,
444,Eucalyptus rigidula,Eucalyptus rigidula,0.2931,0.2647,0.2784,836,781,686,28.54,29.52,24.66,27.57,9.32,0.279,768,
445,Eucalyptus dissimulata,Eucalyptus dissimulata,0.1313,0.1635,0.1089,,,,0,0,0,0,#DIV/0!,0.135,#DIV/0!,
446,Eucalyptus orthostemon,Eucalyptus orthostemon,0.21,0.3489,0.2258,508,889,608,24.19,25.49,26.92,25.53,5.36,0.262,668,
447,Eucalyptus vesiculosa,Eucalyptus vesiculosa,0.0579,0.0672,0.0695,190,172,231,32.73,25.65,33.18,30.52,13.84,0.065,198,
448,Eucalyptus thamnoides,Eucalyptus thamnoides,0.2393,0.3376,0.6517,647,891,1644,27.04,26.39,25.22,26.22,3.51,0.41,1061,
449,Eucalyptus thamnoides,,0.4132,0.5344,0.4824,1000,1175,1141,24.2,21.99,23.65,23.28,4.95,0.477,1105,
450,Eucalyptus oleosa subsp. oleosa,Eucalyptus oleosa subsp. oleosa,0.4098,0.4301,0.5722,991,887,1239,24.19,20.61,21.65,22.15,8.32,0.471,1039,
451,Eucalyptus incrassata,Eucalyptus incrassata Nullarbor,0.1779,0.5038,0.4609,548,1233,1115,30.79,24.48,24.19,26.49,14.08,0.381,965,
452,Eucalyptus gamophylla,Eucalyptus gamophylla,0.791,1.0927,,2385,4180,,30.15,38.25,,34.2,16.76,0.942,3282,
453,Eucalyptus vokesensis,Eucalyptus vokesensis,0.9549,0.6363,,2802,1820,,29.34,28.6,,28.97,1.82,0.796,2311,
454,Corymbia candida,Corymbia candida subsp. dipsodes,0.1376,0.1186,0.3162,591,563,1132,42.95,47.51,35.79,42.08,14.04,0.191,762,
455,Eucalyptus calcareana,Eucalyptus calcareana,0.4286,0.4947,0.7035,1389,980,1613,32.41,19.81,22.92,25.05,26.2,0.542,1327,
456,Eucalyptus oleosa subsp. ampliata,Eucalyptus oleosa subsp. ampliata,0.2794,0.2199,0.311,843,621,986,30.15,28.25,31.72,30.04,5.78,0.27,817,
457,Eucalyptus concinna,Eucalyptus concinna,0.3065,0.3103,0.226,837,621,708,27.32,20.02,31.32,26.22,21.86,0.281,722,
458,Eucalyptus ravida,Eucalyptus ravida,0.346,0.2889,0.4835,959,983,1333,27.71,34.04,27.57,29.77,12.4,0.373,1092,
459,Eucalyptus gillii,Eucalyptus gillii,0.275,0.7483,0.8182,955,2529,2772,34.71,33.8,33.88,34.13,1.48,0.614,2085,
460,Eucalyptus yalatensis,Eucalyptus yalatensis,0.3077,0.2826,0.3685,902,806,1077,29.3,28.51,29.23,29.02,1.5,0.32,928,
461,Eucalyptus oldfieldii subsp. oldfieldii,Eucalyptus oldfieldii subsp. oldfieldii,0.2707,0.3636,0.4843,706,698,1108,26.07,19.19,22.87,22.71,15.17,0.373,837,
462,Eucalyptus pimpiniana,Eucalyptus pimpiniana,0.5124,0.6184,0.4393,1408,1414,1256,27.47,22.86,28.58,26.3,11.53,0.523,1359,
463,Eucalyptus ewartiana,Eucalyptus ewartiana,0.5463,0.3766,0.5284,1400,845,1093,25.64,22.43,20.69,22.92,10.94,0.484,1113,
464,Eucalyptus kochii subsp. amaryssia,Eucalyptus kochii subsp. amaryssia,0.3631,0.1483,0.1767,1058,481,543,29.14,32.44,30.76,30.78,5.35,0.229,694,
465,Eucalyptus comitae-vallis,Eucalyptus comitae-valllis,0.2169,0.2558,0.2599,815,951,916,37.6,37.19,35.26,36.68,3.4,0.244,894,
466,Eucalyptus balladoniensis subsp. sedens,Eucalyptus balladoniensis subsp. sedens,0.5987,0.387,0.3048,1287,810,630,21.5,20.93,20.68,21.04,2,0.43,909,
467,Eucalyptus leptopoda subsp. subluta,Eucalyptus leptopoda subsp. subluta,0.138,0.1566,0.1226,475,500,409,34.41,31.93,33.32,33.22,3.75,0.139,461,
468,Eucalyptus coolabah,Eucalyptus coolabah (NSW),0.1417,0.257,0.1434,486,736,505,34.26,28.66,35.21,32.71,10.83,0.181,576,
469,Eucalyptus capillosa,Eucalyptus capillosa,0.3642,0.3078,0.501,1099,1123,1411,30.17,36.48,28.17,31.61,13.73,0.391,1211,
470,Eucalyptus beardiana,Eucalyptus beardiana,0.194,0.1872,0.168,671,651,542,34.6,34.76,32.24,33.87,4.17,0.183,621,
471,Eucalyptus populnea,Eucalyptus populnea subsp. bimbil,0.6343,0.7772,,2364,2855,,37.28,36.73,,37,1.03,0.706,2610,
472,Eucalyptus orbifolia,Eucalyptus orbifolia,0.2627,0.362,0.4008,672,1048,1204,25.59,28.94,30.03,28.18,8.21,0.342,974,
473,Eucalyptus moderata,Eucalyptus moderata,0.6681,0.2763,0.6333,1538,977,1610,23.02,35.35,25.43,27.93,23.4,0.526,1375,
474,Eucalyptus brockwayi,Eucalyptus brockwayi,0.2111,0.4647,0.3416,571,1334,1125,27.03,28.71,32.93,29.56,10.27,0.339,1010,
475,Eucalyptus microcarpa,Eucalyptus microcarpa VIC,1.3473,1.5098,,4261,4842,,31.62,32.07,,31.85,0.99,1.429,4551,
476,Eucalyptus rhomboidea,Eucalyptus rhomboidea,0.594,0.5955,0.4802,1487,1572,1371,25.04,26.39,28.55,26.66,6.64,0.557,1477,
477,Eucalyptus calycogona subsp. trachybasis,Eucalyptus calycogona subsp. trachybasis,0.2051,0.1342,0.1861,724,527,525,35.31,39.3,28.23,34.28,16.35,0.175,592,
478,Eucalyptus valens,Eucalyptus valens,1.8769,1.5866,,3438,3066,,18.32,19.33,,18.82,3.78,1.732,3252,
479,Eucalyptus froggattii,Eucalyptus froggattii,0.3471,0.4059,0.3659,794,1122,850,22.86,27.64,23.22,24.58,10.83,0.373,922,
480,Eucalyptus persistens subsp. tardecidens,Eucalyptus persistens subsp. tardecidens,,,,,,,#DIV/0!,#DIV/0!,#DIV/0!,#DIV/0!,#DIV/0!,#DIV/0!,#DIV/0!,
481,NA,Eucalyptus biterrainea,0.3891,0.4368,0.3322,2081,2029,1777,53.48,46.45,53.49,51.14,7.94,0.386,1962,
482,Eucalyptus pilularis,Eucalyptus pilularis,0.2765,0.2866,0.1508,1825,1918,1255,65.99,66.91,83.23,72.04,13.46,0.238,1666,
483,Eucalyptus staigeriana,Eucalyptus staigeriana,0.1922,0.2666,0.2892,989,1205,1227,51.48,45.18,42.43,46.36,10,0.249,1140,
484,NA,Eucalyptus _crassifolia”,,,,,,,#DIV/0!,#DIV/0!,#DIV/0!,#DIV/0!,#DIV/0!,#DIV/0!,#DIV/0!,
485,Eucalyptus shirleyi,Eucalyptus shirleyi (Northern),,,,,,,#DIV/0!,#DIV/0!,#DIV/0!,#DIV/0!,#DIV/0!,#DIV/0!,#DIV/0!,
486,Eucalyptus decolor,Eucalyptus decolor,0.4262,0.244,0.265,2073,1474,1546,48.63,60.41,58.35,55.8,11.27,0.312,1698,
487,Eucalyptus apodophylla,Eucalyptus apodophylla,,,,,,,#DIV/0!,#DIV/0!,#DIV/0!,#DIV/0!,#DIV/0!,#DIV/0!,#DIV/0!,
488,Eucalyptus fibrosa,Eucalyptus fibrosa subsp. :crassipes”,0.2664,0.6,0.5634,869,1916,1750,32.62,31.93,31.07,31.87,2.44,0.477,1512,
489,Corymbia watsoniana subsp. capillata,Corymbia watsoniana subsp. capillata,1.2954,0.8186,,6252,3922,,48.26,47.91,,48.09,0.52,1.057,5087,
490,Corymbia aureola,Corymbia aureola,0.4718,0.504,0.3474,2074,2238,1590,43.95,44.4,45.77,44.71,2.12,0.441,1967,
491,Eucalyptus longicornis,Eucalyptus longicornis (Wagin),0.3569,0.3161,0.3336,1359,1182,1231,38.07,37.4,36.9,37.46,1.56,0.336,1257,
492,Eucalyptus willisii,Eucalyptus willisii subsp. falciformis,0.3307,0.271,0.2889,1377,1109,1098,41.64,40.94,38.01,40.2,4.79,0.297,1195,
493,Corymbia peltata,Corymbia  peltata,0.6225,0.2443,0.4947,3197,1503,2426,51.35,61.54,49.03,53.98,12.33,0.454,2375,
494,Eucalyptus distans,Eucalyptus distans (QLD) epruinata,,,,,,,#DIV/0!,#DIV/0!,#DIV/0!,#DIV/0!,#DIV/0!,#DIV/0!,#DIV/0!,
495,Corymbia dimorpha,Corymbia dimorpha,0.5383,0.2985,0.1333,2463,1263,579,45.76,42.3,43.46,43.84,4.01,0.323,1435,
496,Eucalyptus howittiana,Eucalyptus howittiana,0.6263,0.4617,0.6187,2114,1619,1980,33.76,35.06,32,33.61,4.57,0.569,1904,
497,Eucalyptus rubida subsp. canobolensis,Eucalyptus rubida subsp. canobolensis,0.8638,0.5644,,3882,2945,,44.94,52.17,,48.56,10.53,0.714,3413,
498,NA,Eucalyptus goniantha subsp. notactiles,0.6052,0.5204,0.5048,1935,1829,1682,31.97,35.14,33.31,33.48,4.75,0.543,1815,
499,Eucalyptus quadricostata,Eucalyptus quadricostata,,,,,,,#DIV/0!,#DIV/0!,#DIV/0!,#DIV/0!,#DIV/0!,#DIV/0!,#DIV/0!,
500,Eucalyptus leucophloia subsp. euroa,Eucalyptus leucophloia subsp. euroa,0.4658,0.3255,0.4167,1566,1145,1387,33.62,35.18,33.29,34.03,2.97,0.403,1366,
501,Eucalyptus newbeyi,Eucalyptus newbeyi,0.1311,0.1435,0.1381,1006,984,1019,76.74,68.57,73.79,73.03,5.66,0.138,1003,
502,Eucalyptus communalis,Eucalyptus communalis,0.1281,0.4862,0.2883,473,1629,841,36.92,33.5,29.17,33.2,11.7,0.301,981,
503,Eucalyptus gregoriensis,Eucalyptus gregoriensis,1.2925,2.1892,,3821,6538,,29.57,29.86,,29.71,0.71,1.741,5180,
504,NA,Eucalyptus drummondii subsp. _pendiflora”,0.1379,0.0947,0.1289,623,427,633,45.18,45.09,49.11,46.46,4.94,0.121,561,
505,Angophora floribunda,Angophora floribunda,0.3945,0.3208,0.1869,2639,2068,1378,66.9,64.46,73.71,68.36,7.01,0.301,2028,
506,Eucalyptus camaldulensis subsp. obtusa,Eucalyptus camaldulensis subsp. obtusa,,,,,,,#DIV/0!,#DIV/0!,#DIV/0!,#DIV/0!,#DIV/0!,#DIV/0!,#DIV/0!,
507,Eucalyptus redunca,Eucalyptus redunca,0.2759,0.4226,0.3032,906,1290,1056,32.84,30.53,34.83,32.73,6.58,0.334,1084,
508,Eucalyptus pleurocorys,Eucalyptus pleurocorys,0.4151,0.3656,0.3679,1194,1122,1092,28.77,30.69,29.67,29.71,3.23,0.383,1136,
509,Angophora melanoxylon,Angophora melanoxylon,0.0313,0.0202,0.02,208,145,138,66.45,71.78,69,69.08,3.86,0.024,164,
510,Eucalyptus burdettiana,Eucalyptus burdettiana,0.2391,0.3016,0.199,918,1105,767,38.39,36.64,38.54,37.86,2.8,0.247,930,
511,Eucalyptus astringens subsp. redacta,Eucalyptus astrignens subsp. redacta,0.3142,0.2579,0.5925,923,836,1889,29.38,32.42,31.88,31.22,5.2,0.388,1216,
512,Corymbia dolichocarpa,Corymbia dolichocarpa,0.0745,0.1394,0.0741,242,496,263,32.43,35.57,35.45,34.48,5.15,0.096,333,
513,Eucalyptus whitei,Eucalyptus whitei,0.531,0.5213,0.616,1712,1513,1745,32.24,29.02,28.33,29.86,6.99,0.556,1657,
514,Eucalyptus delicata,Eucalyptus delicata,0.1409,0.2096,0.2949,503,693,1059,35.7,33.06,35.91,34.89,4.55,0.215,752,
515,Eucalyptus desmondensis,Eucalyptus desmondensis,0.6667,0.3918,0.7471,1657,931,2001,24.85,23.76,26.79,25.14,6.1,0.602,1530,
516,Eucalyptus camaldulensis subsp. acuta,Eucalyptus camaldulensis subsp. acuta,0.7173,0.2996,,3816,1435,,53.2,47.9,,50.55,7.42,0.508,2626,
517,Eucalyptus cladocalyx,Eucalyptus cladocalyx (FR),0.7733,0.6303,0.4095,2695,2312,1401,34.85,36.68,34.21,35.25,3.64,0.604,2136,
518,Eucalyptus arachnaea ,Eucalyptus arachnaea (arrecta),0.4388,0.3524,0.3882,1762,1094,1074,40.16,31.05,27.68,32.96,19.59,0.393,1310,
519,Eucalyptus ceratocorys,Eucalyptus ceratocorys,0.6654,0.9779,0.679,1419,1927,1395,21.32,19.71,20.54,20.52,3.94,0.774,1580,
520,Eucalyptus pruinosa subsp. Pruinosa,Eucalyptus pruinosa subsp. pruinosa NT,2.7816,2.7063,,8786,8303,,31.59,30.68,,31.13,2.06,2.744,8545,
521,Eucalyptus obtusiflora,Eucalyptus obtusidlora subso cowcowensis,0.7684,0.3351,0.3515,2078,949,838,27.04,28.32,23.85,26.4,8.72,0.485,1288,
522,Eucalyptus campaspe,Eucalyptus campaspe,0.585,0.5286,0.8822,1908,1547,2578,32.62,29.27,29.23,30.37,6.4,0.665,2011,
523,Eucalyptus platydisca,Eucalyptus platydisca,0.4216,0.3307,0.3573,989,849,875,23.46,25.67,24.49,24.54,4.52,0.37,904,
524,Eucalyptus sargentii subsp. sargentii,Eucalyptus sargentii subsp. sargentii,0.1193,0.1215,0.1108,298,318,339,24.98,26.17,30.6,27.25,10.86,0.117,318,
525,Eucalyptus hypolaena,Eucalyptus hypolaena,0.4659,0.4047,0.3464,1385,1023,991,29.73,25.28,28.61,27.87,8.3,0.406,1133,
526,Eucalyptus lucens,Eucalyptus lucens,0.2453,0.2982,0.1745,950,1107,800,38.73,37.13,45.84,40.57,11.43,0.239,952,
527,Eucalyptus intertexta,Eucalyptus intertexta (NT),0.1219,0.3868,0.3623,514,1569,1474,42.17,40.56,40.68,41.14,2.17,0.29,1186,
528,Eucalyptus dundasii,Eucalyptus dundasii :Callion:,0.1685,0.1525,0.1738,685,455,676,40.65,29.84,38.9,36.46,15.92,0.165,605,
529,Eucalyptus socialis subsp. Eucentrica,Eucalyptus socialis subsp. eucentrica (Type),0.6086,0.4826,0.6888,1632,1390,1882,26.82,28.8,27.32,27.65,3.73,0.593,1635,
530,Eucalyptus semota,Eucalyptus semota,0.1643,0.1425,0.1799,502,423,502,30.55,29.68,27.9,29.38,4.6,0.162,476,
531,Eucalyptus lehmannii subsp. lehmannii,Eucalyptus lehmannii subsp. lehmannii,0.1281,0.2183,0.1791,427,591,573,33.33,27.07,31.99,30.8,10.7,0.175,530,
532,Eucalyptus astringens subsp. redacta,Eucalyptus astringens subsp. redacta,0.1949,0.2703,0.3049,798,1107,1169,40.94,40.96,38.35,40.08,3.75,0.257,1025,
533,Eucalyptus varia subsp. salsuginosa,Eucalyptus varia subsp. salsuginosa,0.1261,0.119,0.1029,488,484,423,38.7,40.67,41.11,40.16,3.2,0.116,465,
534,Eucalyptus mimica subsp. mimica,Eucalyptus mimica subsp. mimica,0.0569,0.09,0.0961,224,298,308,39.37,33.11,32.05,34.84,11.35,0.081,277,
535,Eucalyptus diptera,Eucalyptus diptera,0.1521,0.4506,0.2168,431,1366,693,28.34,30.32,31.96,30.21,6.01,0.273,830,
536,Eucalyptus goniocarpa,Eucalyptus goniocarpa,0.0752,0.1609,0.1053,289,482,364,38.43,29.96,34.57,34.32,12.36,0.114,378,
537,Eucalyptus canescens,Eucalyptus canscens subsp. beadellii,0.704,0.6403,0.5549,1695,1577,1351,24.07,24.62,24.34,24.34,1.13,0.633,1541,
538,Eucalyptus glomerosa,Eucalyptus glomerosa,0.1208,0.1745,0.093,482,635,304,39.9,36.39,32.69,36.33,9.93,0.129,474,
539,NA,Eucalyptus effusa subsp. exsul,0.4669,0.4638,0.4506,1432,1407,1387,30.66,30.33,30.78,30.59,0.76,0.46,1408,
540,NA,Eucalyptus sublucisa,0.1911,0.24,0.1056,546,577,354,28.57,24.04,33.52,28.71,16.52,0.179,492,
541,Eucalyptus coolabah,Eucalyptus coolabah subsp. arida (NT),0.3953,0.4902,0.583,1458,1787,2233,36.88,36.46,38.3,37.21,2.59,0.49,1826,
542,Eucalyptus eremicola subsp. eremicola,Eucalyptus eremicola subsp. eremicola,0.0411,0.2643,0.2182,143,834,716,34.79,31.56,32.81,33.05,4.94,0.175,564,
543,Eucalyptus gypsophila,Eucalyptus gypsophila (WA),0.9513,0.917,1.006,2768,2753,2991,29.1,30.02,29.73,29.62,1.6,0.958,2837,
544,Eucalyptus melanophloia,Eucalyptus melanophloia subsp. _permulticaulis”,0.1803,0.203,0.134,892,968,672,49.46,47.67,50.14,49.09,2.6,0.172,844,
545,Eucalyptus chlorophylla,Eucalyptus chlorophylla subsp. _chlorophylla”,0.2416,0.4183,0.5928,787,1669,2139,32.59,39.9,36.09,36.19,10.09,0.418,1532,
546,Eucalyptus leucophylla,Eucalyptus leucophylla,0.173,0.1321,0.1319,587,487,435,33.93,36.87,32.98,34.59,5.86,0.146,503,
547,NA,Eucalyptus _adelaidensis” = aff. Odorata,0.6279,0.2809,,2530,1062,,40.29,37.81,,39.05,4.5,0.454,1796,
548,Eucalyptus ammophila,Eucalyptus ammophila,0.3623,0.3502,0.3717,1596,1677,1594,44.05,47.89,42.88,44.94,5.82,0.361,1622,
549,Eucalyptus sessilis,Eucalyptus sessilis,0.8235,0.6464,0.7421,2473,1850,2016,30.03,28.61,27.17,28.61,5,0.737,2113,
550,Eucalyptus wimmerensis,Eucalyptus wimmerensis,0.1029,0.0236,,328,89,,31.88,37.71,,34.79,11.86,0.063,209,
551,Eucalyptus striaticalyx,Eucalyptus striaticalyx,0.7611,0.7353,0.3678,2552,2401,1180,33.53,32.65,32.08,32.76,2.23,0.621,2044,
552,Eucalyptus yilgarnensis,Eucalyptus yilgarnensis,0.1936,0.1714,0.2078,712,652,802,36.78,38.04,38.59,37.8,2.46,0.191,722,
553,Eucalyptus formanii,Eucalyptus formanii,0.0205,0.0478,0.0301,76,136,85,37.27,28.41,28.34,31.34,16.39,0.033,99,
554,Eucalyptus grasbyi,Eucalyptus grasbyi,0.2628,0.2202,0.1711,838,719,561,31.89,32.65,32.79,32.44,1.5,0.218,706,
555,CorymbiaÊleichhardtii,Corymbia leichhardii,0.2128,0.2683,0.1664,947,1450,790,44.5,54.04,47.48,48.67,10.03,0.216,1062,
556,Eucalyptus pruinosa subsp. pruinosa,Eucalyptus pruinosa subsp. pruinosa,0.3617,0.7957,,1699,3357,,46.97,42.19,,44.58,7.59,0.579,2528,
557,Corymbia scabrida,Corymbia scabrida,,,,,,,#DIV/0!,#DIV/0!,#DIV/0!,#DIV/0!,#DIV/0!,#DIV/0!,#DIV/0!,
558,Eucalyptus sicilifolia,Eucalyptus sicilifolia,0.3227,0.2337,0.1334,974,816,523,30.18,34.92,39.21,34.77,12.98,0.23,771,
559,Eucalyptus tholiformis,Eucalyptus tholiformis,0.3207,0.1303,0.1764,1627,770,863,50.73,59.09,48.92,52.92,10.25,0.209,1087,
560,Eucalyptus bigalerita,Eucalyptus bigalerita,0.4586,0.2966,0.3439,2089,1156,1508,45.55,38.98,43.85,42.79,7.98,0.366,1584,
561,Eucalyptus beaniana,Eucalyptus beaniana,0.3254,0.3106,0.2805,969,902,868,29.78,29.04,30.94,29.92,3.21,0.306,913,
562,Eucalyptus xanthoclada,Eucalyptus xanthoclada,0.606,0.4228,0.6996,1753,1307,2388,28.92,30.92,34.14,31.33,8.4,0.576,1816,
563,NA,Corymbia petalophulla,0.5751,0.8637,0.7333,2491,3525,3003,43.31,40.81,40.95,41.69,3.37,0.724,3006,
564,Eucalyptus shirleyi,Eucalyptus shirleyi,0.3416,0.2103,0.7432,1590,1038,2852,46.55,49.36,38.37,44.76,12.75,0.432,1827,
565,Eucalyptus thozetiana,Eucalyptus thozetiana,0.2992,0.2204,0.3496,1102,749,864,36.83,33.98,24.71,31.84,19.9,0.29,905,
566,NA,Eucalyptus _consueloensis” = aff. Chloroclada,0.1781,0.3749,0.4435,782,1627,2458,43.91,43.4,55.42,47.58,14.29,0.332,1622,
567,Eucalyptus bakeri,Eucalyptus bakeri,0.4942,0.271,0.288,1389,806,873,28.11,29.74,30.31,29.39,3.9,0.351,1023,
568,Eucalyptus corynodes,Eucalyptus corynodes,0.5557,0.8084,0.328,1896,3309,1338,34.12,40.93,40.79,38.61,10.08,0.564,2181,
569,Eucalyptus exilipes,Eucalyptus exilipes,0.1046,0.1272,0.041,582,507,229,55.64,39.86,55.85,50.45,18.18,0.091,439,
570,Eucalyptus infera,Eucalyptus infera,0.1832,0.4284,0.52,714,1541,2088,38.97,35.97,40.15,38.37,5.62,0.377,1448,
571,Eucalyptus decorticans,Eucalyptus decorticans,0.2214,0.2454,0.1222,1098,1165,520,49.58,47.49,42.52,46.53,7.8,0.196,928,
572,Eucalyptus biturbinata,Eucalyptus biturbinata,0.3997,0.3545,0.6375,2371,2273,3798,59.32,64.12,59.58,61,4.43,0.464,2814,
573,Corymbia variegata,Corymbia variegata,0.5722,0.5118,0.4756,2703,2091,2277,47.24,40.86,47.88,45.32,8.57,0.52,2357,
574,Eucalyptus moorei subsp. serpentinicola,Eucalyptus moorei subsp. serpentinicola,0.1593,0.1436,0.1235,768,733,654,48.22,51.02,52.94,50.73,4.68,0.142,718,
575,Eucalyptus atrata,Eucalyptus atrata,0.2352,0.4254,0.3465,990,1908,1497,42.09,44.85,43.2,43.38,3.2,0.336,1465,
576,Eucalyptus malacoxylon,Eucalyptus malacoxylon,0.759,1.0871,,2324,3023,,30.62,27.81,,29.21,6.8,0.923,2674,
577,Eucalyptus ovata var. grandiflora,Eucalyptus ovata var. grandiflora,1.4716,1.3114,,5610,4915,,38.12,37.48,,37.8,1.2,1.392,5263,
578,Eucalyptus eugenioides,Eucalyptus eugenioides,0.2414,0.3223,0.3858,1557,2061,2285,64.5,63.95,59.23,62.56,4.63,0.317,1968,
579,Eucalyptus chloroclada,Eucalyptus chloroclada,0.3363,0.3862,0.4712,1636,1802,2066,48.66,46.66,43.84,46.39,5.22,0.398,1835,
580,Eucalyptus aggregata,Eucalyptus aggregata,0.3861,0.3242,0.3323,1886,1506,1461,48.85,46.45,43.97,46.42,5.26,0.348,1618,
581,NA,Eucalyptus clelandii,0.5378,0.5484,0.8978,1565,1653,2427,29.1,30.15,27.03,28.76,5.52,0.661,1882,
582,Eucalyptus melanophitra,Eucalyptus melanophitra,0.195,0.1487,0.116,763,537,396,39.13,36.11,34.14,36.46,6.89,0.153,565,
583,Eucalyptus ornata,Eucalyptus ornata,0.1981,0.4539,0.542,608,1502,1749,30.69,33.09,32.27,32.02,3.81,0.398,1286,
584,Eucalyptus tenuis,Eucalyptus tenuis,0.3886,0.2215,0.4957,1181,615,1340,30.39,27.77,27.03,28.4,6.22,0.369,1045,
585,Eucalyptus steedmanii,Eucalyptus steedmanii,0.2736,0.1995,0.2263,807,508,613,29.5,25.46,27.09,27.35,7.42,0.233,643,
586,Eucalyptus melanoxylon,Eucalyptus melanoxylon,0.1002,0.112,0.1645,385,400,594,38.42,35.71,36.11,36.75,3.98,0.126,460,
587,Eucalyptus kamarlensis,Eucalyptus kamarlensis,0.0905,0.1135,0.1019,293,354,316,32.38,31.19,31.01,31.53,2.35,0.102,321,
588,NA,Eucalyptus tortilis,0.2384,0.4215,0.2492,883,1167,923,37.04,27.69,37.04,33.92,15.92,0.303,991,
589,Eucalyptus salubris,Eucalyptus salubris,0.1179,0.1597,0.1357,540,594,576,45.8,37.19,42.45,41.81,10.37,0.138,570,
590,Eucalyptus capillosa subsp. polyclada,Eucalyptus capillosa subsp. polyclada,0.5243,0.5683,0.4633,,,1417,0,0,30.58,10.19,173.21,0.519,1417,
591,Eucalyptus myriadena subsp. parviflora,Eucalyptus myriadena subsp. parviflora,0.2471,0.1919,0.1755,814,695,666,32.94,36.22,37.95,35.7,7.12,0.205,725,
592,Eucalyptus georgei subsp. fulgida,Eucalyptus georgei subsp. fulgida,1.3495,1.3631,0.9913,3159,3026,2365,23.41,22.2,23.86,23.16,3.7,1.235,2850,
593,Eucalyptus gardneri subsp gardneri,Eucalyptus gardneri subsp. gardneri,0.1269,0.2015,0.1805,532,824,752,41.92,40.89,41.66,41.49,1.29,0.17,703,
594,Eucalyptus wandoo subsp. wandoo,Eucalyptus wandoo subso wandoo,0.2561,0.2773,0.3032,1092,1177,1222,42.62,42.45,40.3,41.79,3.1,0.279,1163,
596,Eucalyptus rhombica,Eucalyptus rhombica,0.5309,0.8781,0.6327,1839,3165,2341,34.64,36.04,37,35.89,3.31,0.681,2448,
597,Eucalyptus obconica,Eucalyptus obconica,0.2328,0.1266,0.1399,1185,605,786,50.89,47.78,56.15,51.61,8.21,0.166,858,
598,Eucalyptus virens,Eucalyptus virens,0.1513,0.1811,0.1667,705,774,773,46.57,42.76,46.4,45.24,4.76,0.166,751,
599,NA,Eucalyptus _xenica” - aff. Eugeniodies,0.4737,0.8187,0.6007,2085,3613,2981,44.02,44.13,49.62,45.92,6.97,0.631,2893,
600,Eucalyptus barberi,Eucalyptus barberi,0.4327,0.6539,0.3536,1592,2413,1335,36.79,36.9,37.75,37.15,1.42,0.48,1780,
601,NA,Eucalyptus pachycalyc subsp. banyabba,0.3716,0.2263,0.7836,1191,742,2478,32.05,32.79,31.62,32.15,1.83,0.461,1470,
602,Eucalyptus major,Eucalyptus major,0.3961,0.2993,0.3959,2217,1805,2056,55.97,60.31,51.93,56.07,7.47,0.364,2026,
603,EucalyptusÊapothalassica,Eucalyptus apotholassica,0.3298,0.3257,0.4138,1154,1144,1537,34.99,35.12,37.14,35.75,3.37,0.356,1278,
604,Eucalyptus taurina,Eucalyptus taurina,0.3526,0.6419,0.6725,1387,2361,2501,39.34,36.78,37.19,37.77,3.63,0.556,2083,
605,Eucalyptus melanoleuca,Eucalyptus melanoleuca,0.5763,0.3952,0.5883,3322,2135,3029,57.65,54.03,51.49,54.39,5.7,0.52,2829,
606,Eucalyptus sphaerocarpa,Eucalyptus sphaerocarpa,0.87,0.74,1.0047,2873,2404,2801,33.02,32.49,27.88,31.13,9.08,0.872,2693,
607,Eucalyptus ophitica,Eucalyptus ophitica,1.0656,1.2889,,3625,4386,,34.02,34.03,,34.02,0.02,1.177,4006,
608,Angophora costata subsp. euryphylla,Angophora costata subsp. euryphylla,0.4621,0.4291,0.5265,2188,2182,2635,47.35,50.85,50.05,49.42,3.71,0.473,2335,
609,Eucalyptus fracta,Eucalyptus fracta,0.3825,0.4275,0.4306,1398,2211,1445,36.55,51.73,33.55,40.61,24,0.414,1685,
610,Eucalyptus mannifera,Eucalyptus mannifera,0.4231,0.4528,0.4488,1880,2069,2042,44.43,45.69,45.5,45.21,1.5,0.442,1997,
611,NA,Eucalyptus diverdifolia sibsp megacarpa,0.4828,0.3931,0.2169,1701,1388,1095,35.23,35.31,50.48,40.34,21.77,0.364,1395,
612,Eucalyptus pulchella,Eucalyptus pulchella,0.1237,0.1171,0.0851,585,566,401,47.29,48.33,47.12,47.58,1.38,0.109,517,
613,Eucalyptus apiculata,Eucalyptus apiculata (laophilia,0.1631,0.2574,0.1723,548,837,580,33.6,32.52,33.66,33.26,1.93,0.198,655,
614,Eucalyptus hypostomatica,Eucalyptus hypostomatica,0.1451,0.3252,0.1176,860,1393,749,59.27,42.84,63.69,55.27,19.88,0.196,1001,
615,NA,Eucalyptus viminalis subsp. _hentyensis”,0.2579,0.2414,0.4593,1090,1245,2493,42.28,51.57,54.27,49.37,12.75,0.32,1609,
616,Eucalyptus cordata,Eucalyptus cordata subsp. _cordata”,0.3137,0.2565,0.2072,1265,1326,1168,40.33,51.7,56.37,49.46,16.68,0.259,1253,
617,Eucalyptus brookeriana,Eucalyptus brookeriana subsp. _brookeriana”,0.5441,0.4816,,2929,2427,,53.83,50.39,,52.11,4.66,0.513,2678,
618,Eucalyptus morrisbyi,Eucalyptus morrisbyi,0.4633,0.205,0.3308,1897,926,1365,40.95,45.17,41.26,42.46,5.54,0.333,1396,
619,Eucalyptus brunnea,Eucalyptus brunnea,0.9587,0.4421,0.9904,4015,1944,,41.88,43.97,,42.93,3.45,0.797,2980,
620,Eucalyptus risdonii,Eucalyptus risdonii,0.287,0.227,0.2523,1484,1175,1295,51.71,51.76,51.33,51.6,0.46,0.255,1318,
621,Eucalyptus camphora subsp. camphora,Eucalyptus samphora subsp. camphora,0.1902,0.2319,0.2586,709,978,961,37.28,42.17,37.16,38.87,7.36,0.227,883,
622,Eucalyptus largeana,Eucalyptus Eucalyptus largeana,0.5109,0.2401,0.2151,2117,1323,1149,41.44,55.1,53.42,49.99,14.91,0.322,1530,
623,Eucalyptus deanei,Eucalyptus deanei,0.1976,0.2561,0.3553,985,1341,2092,49.85,52.36,58.88,53.7,8.68,0.27,1473,
624,Eucalyptus acmenoides,Eucalyptus acmenoides,0.4447,0.2595,0.1914,,,,0,0,0,0,#DIV/0!,0.299,#DIV/0!,
625,Eucalyptus paedoglauca,Eucalyptus paedoglauca,0.5715,0.616,0.4126,2492,2537,1749,43.61,41.19,42.39,42.39,2.85,0.533,2259,
626,Eucalyptus glaucina,Eucalyptus glaucina,1.2988,0.363,0.676,6729,2296,4059,51.81,63.25,60.04,58.37,10.11,0.779,4361,
627,Eucalyptus tenuiramis,Eucalyptus tenuramis,0.2943,0.2372,0.4032,,1045,1818,,44.06,45.09,44.57,1.64,0.312,1432,
628,Angophora costata subsp. costata,Angorphora costata subsp. costata,0.3329,0.3433,0.2175,1849,1736,1192,55.56,50.56,54.83,53.65,5.03,0.298,1593,
629,Eucalyptus squamosa,Eucalyptus squamosa,0.1784,0.5131,0.4146,776,2186,1648,43.47,42.61,39.76,41.95,4.63,0.369,1537,
630,Eucalyptus seeana,Eucalyptus seeana,0.2016,0.1492,0.1159,1322,999,825,65.57,66.94,71.21,67.9,4.33,0.156,1049,
631,Corymbia henryi,Corymbia henryi,0.6806,0.7074,,3714,3911,,54.57,55.29,,54.93,0.92,0.694,3813,
632,Eucalyptus curtisii,Eucalyptus curtisii,0.1643,0.1426,0.1837,833,704,918,50.7,49.37,49.97,50.01,1.33,0.164,818,
633,Corymbia abergiana,Corymbia abergiana,0.4443,1.0468,0.53,1627,3250,1901,36.62,31.05,35.87,34.51,8.76,0.674,2259,
634,NA,Corymbia trachyphloia subsp. trachyphlois,0.2581,0.3173,0.2633,1346,1497,1359,52.15,47.17,51.62,50.31,5.44,0.28,1401,
635,Eucalyptus mitchelliana,Eucalyptus mitchelliana,0.3646,0.4521,0.3456,1360,1579,1446,37.3,34.93,41.84,38.02,9.24,0.387,1462,
643,Eucalyptus impensa,Eucalyptus impensa,2.0451,2.0646,2.7447,4548,4460,5972,22.24,21.6,21.76,21.87,1.52,2.285,4993,
644,Corymbia terminalis,Corymbia terminalis,0.3445,0.2193,0.6804,1075,869,2108,31.2,39.63,30.98,33.94,14.52,0.415,1351,
645,Eucalyptus rosacea,Eucalyptus rosacea,0.1317,0.0633,0.0814,385,204,259,29.23,32.23,31.82,31.09,5.22,0.092,283,
646,NA,Eucalyptus behriana subsp. _glaucous”,0.3925,0.5046,0.3289,1149,1541,1130,29.27,30.54,34.36,31.39,8.43,0.409,1273,
647,Eucalyptus eremicola subsp. peeneri,Eucalyptus eremicola subsp. peeneri,0.0824,0.1212,0.1698,282,352,453,34.22,29.04,26.68,29.98,12.87,0.124,362,
648,Eucalyptus rameliana,Eucalyptus rameliana,1.2056,1.2098,,2658,2624,,22.05,21.69,,21.87,1.16,1.208,2641,
649,Eucalyptus longirostrata,Eucalyptus longirostrat,0.2917,0.3825,0.3433,1993,2129,1881,68.32,55.66,54.79,59.59,12.71,0.339,2001,
650,Eucalyptus ochrophloia,Eucalyptus ochrophloia,0.354,0.3971,0.3108,774,1200,910,21.86,30.22,29.28,27.12,16.87,0.354,961,
651,Eucalyptus caleyi subsp. caleyi,Eucalyptus caleyi subsp. caleyi,0.8302,0.4962,0.5526,2980,1674,2034,35.89,33.73,36.8,35.48,4.45,0.626,2229,
652,Eucalyptus lansdowneana,Eucalyptus lansdowneana,0.7007,0.9013,0.9726,1942,2539,2541,27.72,28.17,26.13,27.34,3.93,0.858,2341,
653,Angophora leiocarpa,Angophora leiocarpa,0.062,0.0694,0.0898,378,455,524,60.97,65.56,58.35,61.63,5.92,0.074,452,
654,Eucalyptus rubiginosa,Eucalyptus rubiginosa,0.3922,0.4766,0.511,1235,1403,1673,31.49,29.44,32.74,31.22,5.34,0.46,1437,
655,Eucalyptus aenea,Eucalyptus aenea,0.4429,0.1524,0.3416,1165,424,882,26.31,27.81,25.81,26.64,3.91,0.312,824,
656,NA,Corymbia trachyphloia sibsp amphistomatica,0.2323,0.2621,0.3679,1044,1151,,44.94,43.91,,44.43,1.64,0.287,1098,
657,Eucalyptus kochii subsp. kochii,Eucalyptus kochii subsp. kochii,0.222,0.2078,0.1919,726,691,703,32.7,33.26,36.63,34.2,6.21,0.207,707,
658,Eucalyptus coronata,Eucalyptus coronata,0.4901,0.6546,0.8373,,,,0,0,0,0,#DIV/0!,0.661,#DIV/0!,
659,Eucalyptus polyanthemos subsp. polyanthemos,Eucalyptus polyanthemos subsp. polyanthemos,0.2516,0.3722,0.3573,1062,1757,1786,42.21,47.21,49.99,46.47,8.48,0.327,1535,
660,Eucalyptus oleosa subsp. cylindroidea,Eucalyptus oleosa subsp. cylindroidea,0.2904,0.3694,0.2611,886,1159,763,30.51,31.38,29.22,30.37,3.57,0.307,936,
661,Eucalyptus albens,Eucalyptus albens,1.5777,1.082,,5745,4458,,36.41,41.2,,38.81,8.72,1.33,5102,
662,Eucalyptus leucoxylon subsp. stephaniae,Eucalyptus leucoxylon subsp. stephaniae,0.4951,0.3544,0.3177,1501,1110,1112,30.32,31.32,35,32.21,7.66,0.389,1241,
663,Eucalyptus brachycalyx,Eucalyptus brachycalyx,0.4911,0.2783,0.1657,1387,912,,28.24,32.77,,30.51,10.49,0.312,1150,
664,Eucalyptus nortonii,Eucalyptus nortonii,1.2981,0.8662,0.9047,4191,2797,3053,32.29,32.29,33.75,32.77,2.57,1.023,3347,
665,Eucalyptus cypellocarpa,Eucalyptus cypellocarpa (quinniorum),0.4121,0.8946,0.4294,1749,2862,1907,42.44,31.99,44.41,39.61,16.86,0.579,2173,
666,Eucalyptus serraensis,Eucalyptus serraensis,1.8536,1.4717,1.6217,5460,4617,5078,29.46,31.37,31.31,30.71,3.54,1.649,5052,
667,Eucalyptus leucoxylon subsp. leucoxylon,Eucalyptus leucoxylon subsp. leucoxylon,0.2057,0.1797,0.1994,1143,1072,956,55.57,59.65,47.94,54.39,10.93,0.195,1057,
668,Eucalyptus caleyi subsp. ovendenii,Eucalyptus caleyi sub ovendenii,0.6586,0.5101,0.8754,2605,1885,3267,39.55,36.95,37.32,37.94,3.71,0.681,2586,
669,Eucalyptus goniocalyx subsp. goniocalyx,Eucalyptus goniocalyx subsp. goniocalyx,0.7809,1.2585,0.7212,2466,3773,2436,31.58,29.98,33.78,31.78,5.99,0.92,2892,
670,Eucalyptus scopulorum,Eucalyptus scopulorum,0.6771,0.381,0.3173,3224,1561,1568,47.61,40.97,49.42,46,9.67,0.458,2118,
671,Eucalyptus bosistoana,Eucalyptus bosistoana,0.8049,0.836,0.7573,3120,3235,3019,38.76,38.7,39.87,39.11,1.68,0.799,3125,
672,Eucalyptus magnificata,Eucalyptus magnificata Enmore,0.3858,0.2895,0.2675,2251,1553,1749,58.35,53.64,65.38,59.12,9.99,0.314,1851,
673,Eucalyptus agglomerata,Eucalyptus agglomerata,0.7077,0.7228,0.5336,2482,2514,1794,35.07,34.78,33.62,34.49,2.23,0.655,2263,
677,Eucalyptus exserta,Eucalyptus exserta,0.3355,0.2147,0.2351,1957,1378,1455,58.33,64.18,61.89,61.47,4.8,0.262,1597,
678,Eucalyptus lockyeri subsp. lockyeri,Eucalyptus lockyeri subsp. lockyeri,0.2899,0.4069,0.4704,1344,1812,1885,46.36,44.53,40.07,43.65,7.41,0.389,1680,
679,Eucalyptus camaldulensis subsp. simulata,Eucalyptus camaldulensis subsp. simulata,0.7015,0.4185,0.5081,3254,1963,2251,46.39,46.91,44.3,45.86,3,0.543,2489,
680,Corymbia gummifera,Corymbia gummifera,0.4573,0.5547,0.6407,2347,2678,3035,51.32,48.28,47.37,48.99,4.22,0.551,2687,
681,Eucalyptus drepanophylla,Eucalyptus drepanophylla,0.3832,0.1456,0.0912,1796,688,,46.87,47.25,,47.06,0.58,0.207,1242,
682,Eucalyptus grandis,Eucalyptus grandis subsp. _grandis” (NSW),0.8046,0.7474,0.8695,4159,3901,4669,51.69,52.19,53.7,52.53,1.99,0.807,4243,
683,Eucalyptus granitica,Eucalyptus granitica,0.3154,0.4727,0.211,1100,1733,748,34.88,36.66,35.45,35.66,2.56,0.333,1194,
684,Eucalyptus pulverulenta,Eucalyptus pulverulenta,0.3328,0.3251,,1718,1870,,51.62,57.54,,54.58,7.66,0.329,1794,0.01
685,Eucalyptus raveretiana,Eucalyptus raveretiana,0.2375,0.4327,0.2225,1625,2760,1578,68.44,63.8,70.93,67.72,5.35,0.298,1988,
686,Eucalyptus lockyeri subsp. exuta,Eucalyptus lockyeri subsp. exuta,0.1826,0.0518,0.0784,968,295,459,53.01,56.95,58.55,56.17,5.07,0.104,574,
687,Corymbia rhodops,Corymbia rhodops,0.0961,0.0903,0.1458,612,545,860,63.67,60.4,59,61.02,3.93,0.111,672,
688,Eucalyptus rummeryi,Eucalyptus rummeryi,0.2833,0.1734,0.1771,1661,1215,1189,58.63,70.08,67.13,65.28,9.1,0.211,1355,
689,Eucalyptus cullenii,Eucalyptus cullenii,0.0592,0.063,0.0559,413,376,363,69.76,59.68,64.94,64.79,7.78,0.059,384,
690,Eucalyptus grisea,Eucalyptus grisea,0.4228,0.4233,0.4974,2231,2741,2996,52.77,64.75,60.23,59.25,10.22,0.448,2656,
691,Eucalyptus dunnii,Eucalyptus dunnii,0.5082,0.8435,,3317,6021,,65.27,71.38,,68.33,6.32,0.676,4669,
692,Eucalyptus panda,Eucalyptus panda,0.2334,0.3737,0.2064,1042,1718,846,44.64,45.97,40.99,43.87,5.88,0.271,1202,
693,Eucalyptus bancroftii,Eucalyptus bancroftii,0.7426,0.4865,,3205,2156,,43.16,44.32,,43.74,1.87,0.615,2681,
694,Corymbia leptoloma,Corymbia leptoloma,0.2965,0.4163,,2052,2574,,69.21,61.83,,65.52,7.96,0.356,2313,
695,Eucalyptus macta,Eucalyptus macta,0.2014,0.2894,0.1332,1252,1489,889,62.16,51.45,66.74,60.12,13.05,0.208,1210,
696,Eucalyptus propinqua,Eucalyptus propinqua,0.2295,0.2287,0.1521,1053,1143,734,45.88,49.98,48.26,48.04,4.28,0.203,977,
697,Eucalyptus ultima,Eucalyptus ultima,0.0683,0.151,0.1316,309,543,510,45.24,35.94,38.75,39.97,11.93,0.117,454,
698,Eucalyptus canaliculata,Eucalyptus canaliculata,0.2307,0.3492,0.6421,1245,1721,3256,53.97,49.28,50.71,51.32,4.68,0.407,2074,
699,Eucalyptus wyolensis,Eucalyptus wyolensis,0.7047,1.4186,,1862,3605,,26.42,25.41,,25.92,2.76,1.062,2734,
700,NA,Eucalyptus oldfieldii subsp. paupera,0.3376,0.2956,0.4495,797,674,1083,23.61,22.81,24.09,23.5,2.75,0.361,851,
701,Eucalyptus rowleyi,Eucalyptus rowleyi,0.5984,0.4195,0.5793,1676,1176,1602,28.01,28.04,27.66,27.9,0.77,0.532,1485,
702,Eucalyptus gongylocarpa,Eucalyptus gongylocarpa,0.2657,0.1498,0.286,1305,739,1346,49.13,49.35,47.07,48.51,2.59,0.234,1130,
703,Eucalyptus nudicaulis,Eucalyptus nudicaulis,0.405,0.4106,0.5301,1352,1447,1829,33.37,35.24,34.5,34.37,2.74,0.449,1543,
704,Eucalyptus trachybasis,Eucalyptus trachybasis,0.8526,0.5311,0.3133,2150,1417,904,25.22,26.69,28.84,26.91,6.76,0.566,1490,
705,Eucalyptus luculenta,Eucalyptus luculenta,1.1651,1.0588,2.1219,2471,2242,4356,21.21,21.18,20.53,20.97,1.84,1.449,3023,
706,Eucalyptus spathulata subsp. salina,Eucalyptus spathulata subsp. salina,0.0999,0.1439,0.0572,304,419,212,30.43,29.12,37.06,32.2,13.23,0.1,312,
707,Eucalyptus singularis,Eucalyptus singularis,0.1334,0.0696,0.1526,420,283,513,31.48,40.66,33.62,35.25,13.62,0.119,405,
708,Eucalyptus optima,Eucalyptus optima,1.3815,1.271,,2469,2556,,17.87,20.11,,18.99,8.33,1.326,2513,
709,Eucalyptus kochii subsp borealis,Eucalyptus kochii subsp. borealis,0.3265,0.163,0.1798,972,676,729,29.76,41.5,40.52,37.26,17.48,0.223,792,
710,Eucalyptus dolichocera,Eucalyptus dolichocera,0.6225,0.3991,0.626,1490,955,1520,23.94,23.93,24.28,24.05,0.84,0.549,1322,
711,Eucalyptus kochii subsp. plenissima,Eucalyptus kochii subsp. plenissima,0.7456,0.8321,,2099,2346,,28.15,28.19,,28.17,0.11,0.789,2223,
712,Eucalyptus victoriana,Eucalyptus virctoriana,0.9217,1.1115,0.7912,2501,2721,2044,27.13,24.48,25.83,25.82,5.14,0.941,2422,
713,Eucalyptus crucis subsp. praecipua,Eucalyptus crucis subsp. praecipua,0.2918,0.2448,0.2707,1195,1013,1067,40.95,41.38,39.42,40.58,2.55,0.269,1092,
714,Eucalyptus argillacea,Eucalyptus argillacea,0.3186,0.3034,0.3699,1581,1693,1797,49.62,55.81,48.58,51.34,7.61,0.331,1690,
715,Eucalyptus verrucata,Eucalyptus verrucata,1.5057,1.8423,,3172,4028,,21.07,21.86,,21.47,2.63,1.674,3600,
716,Eucalyptus leucoxylon subsp leucoxylon,Eucalyptus leucoxylon subsp. leucoxylon,0.4355,0.2522,0.2762,1573,1059,1010,36.12,41.99,36.57,38.23,8.55,0.321,1214,
717,Eucalyptus kochii subsp. yellowdinensis,Eucalyptus kochii subsp. yellowdinensis,0.0752,0.124,0.1295,296,398,,39.36,32.1,,35.73,14.38,0.11,347,
718,Eucalyptus carnea,Eucalyptus carnea,0.9069,1.2462,,3610,4796,,39.81,38.48,,39.15,2.39,1.077,4203,
719,Eucalyptus doratoxylon,Eucalyptus dorotoxylon,0.1189,0.0989,0.095,751,537,471,63.16,54.3,49.58,55.68,12.39,0.104,586,
720,Eucalyptus gillenii,Eucalyptus gillenii,0.5031,0.3763,0.5066,1463,1313,1457,29.08,34.89,28.76,30.91,11.17,0.462,1411,
721,Eucalyptus ligulata subsp. ligulata,Eucalyptus ligulata subsp. ligulata,0.2662,0.144,0.0583,1007,436,249,37.83,30.28,42.71,36.94,16.96,0.156,564,
722,Eucalyptus nutans,Eucalyptus nutans,0.9606,0.5915,,3160,1928,,32.9,32.6,,32.75,0.65,0.776,2544,
723,Eucalyptus calycogona subsp miraculum,Eucalyptus calycogona subsp. miracula,0.1639,0.1092,0.1436,808,589,693,49.3,53.94,48.26,50.5,5.99,0.139,697,
724,Eucalyptus talyuberlup,Eucalyptus talyuberlup Sth,0.446,0.4194,0.4148,1115,934,1109,25.01,22.27,26.73,24.67,9.12,0.427,1053,
725,Eucalyptus dalrympleana,Eucalyptus dalrympleana subsp. alpina ms,1.0155,1.9675,,3673,6632,,36.16,33.71,,34.93,4.98,1.492,5152,
726,Eucalyptus retusa,Eucalyptus retusa,0.2473,0.388,0.1319,734,881,367,29.68,22.71,27.82,26.74,13.51,0.256,661,
727,NA,Eucalyptus virginia,0.2201,0.1767,0.1346,1331,950,804,60.47,53.74,59.76,57.99,6.38,0.177,1028,
728,Eucalyptus incerata,Eucalyptus incerata,0.404,0.3488,0.3027,1649,1451,1292,40.82,41.6,42.68,41.7,2.25,0.352,1464,
729,Eucalyptus globoidea,Eucalyptus globoidea,0.5425,0.3632,0.5401,2179,1243,1975,40.17,34.22,36.57,36.99,8.09,0.482,1799,
730,Eucalyptus elata,Eucalyptus elata,0.1419,0.2331,0.277,1014,1581,1763,71.44,67.82,63.66,67.64,5.75,0.217,1453,
731,Eucalyptus rubida subsp. barbigerorum,Eucalyptus rubida subsp. barbigarorum,0.6814,0.6088,,2905,3731,,42.63,61.28,,51.96,25.39,0.645,3318,
732,Eucalyptus radiata subsp. radiata,Eucalyptus radiata subsp. radiata,0.1911,0.2417,0.2605,946,1231,1220,49.52,50.94,46.85,49.1,4.23,0.231,1133,
733,Eucalyptus stenostoma,Eucalyptus stenostoma,0.5448,0.2571,0.2718,2021,1136,1160,37.09,44.18,42.67,41.31,9.04,0.358,1439,
734,Eucalyptus dalrympleana subsp. heptantha,Eucalyptus dalrympleana subsp. heptantha,1.1685,0.3956,0.4634,5699,1737,2341,48.77,43.91,50.52,47.73,7.17,0.676,3259,
735,Eucalyptus rummeryi,Eucalyptus rummeryi,0.1829,0.3057,0.2483,,,,0,0,0,0,#DIV/0!,0.246,#DIV/0!,
736,Eucalyptus ligustrina,Eucalyptus ligustrina,0.1122,0.1209,0.1212,,,,0,0,0,0,#DIV/0!,0.118,#DIV/0!,
737,Eucalyptus saligna,Eucalyptus saligna,0.2307,0.2627,0.2716,1607,1544,2032,69.66,58.77,74.82,67.75,12.09,0.255,1728,
738,Eucalyptus olida,Eucalyptus olida,0.9841,0.5357,,4053,2639,,41.18,49.26,,45.22,12.63,0.76,3346,
739,Eucalyptus radiata subsp. sejuncta,Eucalyptus radiata subsp. sejuncta,0.1053,0.1973,0.2497,645,493,1238,61.25,24.99,49.58,45.27,40.89,0.184,792,
740,NA,Eucalyptus fergusonii subsp. fergusonii,0.3601,0.3503,0.5335,1615,1806,2507,44.86,51.56,46.99,47.8,7.17,0.415,1976,
741,NA,Eucalyptus reudderi,0.1197,0.1862,0.2573,757,1274,1847,63.24,68.42,71.78,67.82,6.35,0.188,1293,
742,Eucalyptus perriniana,Eucalyptus perreniana,0.3042,0.5691,0.2345,1414,2336,1230,46.49,41.05,52.44,46.66,12.21,0.369,1660,
743,Eucalyptus resinifera subsp. hemilampra,Eucalyptus resinifera subsp. hemilampra,0.3107,0.2839,0.4022,,1268,1701,,44.66,42.29,43.48,3.86,0.332,1485,
744,Eucalyptus nitida,Eucalyptus nitida,0.2963,0.3025,0.2339,1102,1178,783,37.19,38.94,33.48,36.54,7.64,0.278,1021,
745,Eucalyptus scias subsp. scias,Eucalyptus scias subsp. scias,0.3114,0.2415,0.673,1479,1069,2306,47.48,44.25,34.26,42,16.41,0.409,1618,
746,Eucalyptus tetrapleura,Eucalyptus tetrapleura,0.5854,0.3635,0.4327,2521,1649,1926,43.06,45.36,44.51,44.31,2.62,0.461,2032,
747,Eucalyptus oreades,Eucalyptus oreades,0.4784,1.2545,,1826,4541,,38.17,36.2,,37.18,3.75,0.866,3183,
748,Eucalyptus microcorys,Eucalyptus microcorys,0.1523,0.2428,0.1761,1097,1648,1351,72.03,67.87,76.72,72.21,6.13,0.19,1365,
749,Eucalyptus paniculata,Eucalyptus paniculata,0.6888,0.5814,0.7574,3243,3274,4042,47.08,56.32,53.36,52.25,9.03,0.676,3520,
750,Eucalyptus resinifera subsp. resinifera,Eucalyptus resinifera subsp. resinifera,0.4908,0.8249,0.3689,2373,3906,1317,48.34,47.36,35.71,43.8,16.04,0.562,2532,
751,Eucalyptus resinifera subsp. resinifera,,0.4622,0.591,0.3811,1492,1873,1563,32.27,31.68,41.01,34.99,14.93,0.478,1642,
752,Eucalyptus resinifera subsp. resinifera,,0.3405,0.3919,0.2488,1865,2042,1244,54.76,52.11,50,52.29,4.56,0.327,1717,
753,Eucalyptus resinifera subsp. resinifera,,0.2051,0.0904,0.3196,848,388,1257,41.35,42.92,39.33,41.2,4.37,0.205,831,
754,Eucalyptus resinifera subsp. resinifera,,0.3161,0.2583,0.4179,1577,1168,2103,49.89,45.22,50.32,48.48,5.84,0.331,1616,
755,Eucalyptus resinifera subsp. resinifera,,0.302,0.3222,0.3832,1360,1515,1577,45.03,47.02,41.15,44.4,6.72,0.336,1484,
756,Eucalyptus resinifera subsp. resinifera,,0.526,0.2808,0.5647,2093,1169,2529,39.79,41.63,44.78,42.07,6,0.457,1930,
757,Eucalyptus carnei,Eucalyptus carnei,0.2913,0.4822,0.2983,1039,1387,1044,35.67,28.76,35,33.14,11.49,0.357,1157,
758,NA,Eucalyptus redimulicifera,0.3444,0.1593,0.24,1649,631,1250,47.88,39.61,52.08,46.52,13.64,0.248,1177,
759,Eucalyptus polyanthemos subsp. vestita,Eucalyptus polyathemos subsp.. Vestita,0.6937,0.4006,0.2322,2838,1840,1002,40.91,45.93,43.15,43.33,5.8,0.442,1893,
760,Eucalyptus polybractea,Eucalyptus polybractea,0.2266,0.2115,0.2055,978,924,836,43.16,43.69,40.68,42.51,3.78,0.215,913,
761,Eucalyptus macrorhyncha,Eucalyptus macochyncha subsp.. Macrochyncha,0.5266,0.4386,0.1048,2504,2098,449,47.55,47.83,42.84,46.08,6.08,0.357,1684,
762,Eucalyptus dawsonii,Eucalyptus dawsonii,0.4411,0.3722,0.4441,1818,1885,1945,41.22,50.64,43.8,45.22,10.78,0.419,1883,
763,Eucalyptus tenella,Eucalyptus tenella,0.1765,0.1626,0.1483,710,696,543,40.23,42.8,36.61,39.88,7.8,0.162,650,
764,Eucalyptus dwyeri,Eucalyptus dwyeri _mallee”,0.2771,0.2556,0.2031,1121,978,752,40.47,38.25,37.04,38.59,4.51,0.245,950,
765,Eucalyptus caleyi subsp. Caleyi,Eucalyptus caleyi subsp.. Caleyi,0.293,0.2658,0.4248,1426,1116,1796,48.66,42,42.28,44.31,8.5,0.328,1446,
766,Eucalyptus melliodora,Eucalyptus melliodora,0.295,0.1784,0.3512,1515,932,1694,51.37,52.22,48.24,50.61,4.15,0.275,1380,
767,Eucalyptus viridis subsp. Viridis,Eucalyptus viridis subsp.. Viridis,0.1874,0.19,0.1798,825,654,600,44.02,34.42,33.37,37.27,15.75,0.186,693,
768,Eucalyptus pilligaensis,Eucalyptus pilligaensis,0.2604,0.256,0.211,1045,1094,1035,40.13,42.73,49.05,43.97,10.43,0.242,1058,
769,Eucalyptus tereticornis subsp. tereticornis,Eucalyptus tereticornis subsp. tereticornis,0.3657,0.4338,0.3172,1707,2032,1451,46.67,46.83,45.75,46.41,1.26,0.372,1730,
770,Eucalyptus fibrosa subsp. fibrosa,Eucalyptus fibrosa subsp. fibrosa,0.4295,0.4836,0.3412,1859,2365,1729,43.28,48.91,50.67,47.62,8.1,0.418,1984,
771,Eucalyptus fibrosa subsp. fibrosa,Eucalyptus fibrosa subsp. fibrosa,0.3167,0.6842,,1340,2850,,42.32,41.65,,41.99,1.12,0.5,2095,
772,Eucalyptus crebra,Eucalyptus crebra,0.2618,0.1075,0.0991,1232,766,735,47.06,71.26,74.17,64.16,23.19,0.156,911,
773,Eucalyptus argophloia,Eucalyptus argophloia,0.1742,0.1565,0.1928,981,935,1128,56.33,59.75,58.5,58.19,2.97,0.175,1015,
774,Eucalyptus sideroxylon,Eucalyptus sideroxylon,0.312,0.2825,0.2966,1626,1619,1639,52.13,57.31,55.25,54.9,4.76,0.297,1628,
775,Eucalyptus dura,Eucalyptus dura,0.4288,0.2806,0.4138,1685,1217,1700,39.3,43.37,41.09,41.26,4.94,0.374,1534,
776,Eucalyptus cambageana,Eucalyptus cambageana,0.554,0.4894,0.5239,2619,2175,2414,47.27,44.44,46.08,45.93,3.09,0.522,2403,